parnme,partrans,parval1,pargp,comments,subbasin,gw_basin
bhead_mult_1,none,1.0,ghb_bhead,#,17,1
bhead_mult_2,none,1.0,ghb_bhead,#,17,1
bhead_mult_3,none,1.0,ghb_bhead,#,17,1
bhead_mult_4,none,1.0,ghb_bhead,#,18,1
bhead_mult_5,none,1.0,ghb_bhead,#,18,1
bhead_mult_6,none,1.0,ghb_bhead,#,21,1
bhead_mult_7,none,1.0,ghb_bhead,#,21,1
carea_max_mult_01,none,1.0,prms_carea_max,#,1,1
carea_max_mult_02,none,1.0,prms_carea_max,#,2,1
carea_max_mult_03,none,1.0,prms_carea_max,#,3,1
carea_max_mult_04,none,1.0,prms_carea_max,#,4,1
carea_max_mult_05,none,1.0,prms_carea_max,#,5,1
carea_max_mult_06,none,1.0,prms_carea_max,#,6,1
carea_max_mult_07,none,1.0,prms_carea_max,#,7,1
carea_max_mult_08,none,1.0,prms_carea_max,#,8,1
carea_max_mult_09,none,1.0,prms_carea_max,#,9,1
carea_max_mult_10,none,1.0,prms_carea_max,#,10,1
carea_max_mult_11,none,1.0,prms_carea_max,#,11,1
carea_max_mult_12,none,1.0,prms_carea_max,#,12,1
carea_max_mult_13,none,1.0,prms_carea_max,#,13,1
carea_max_mult_14,none,1.0,prms_carea_max,#,14,1
carea_max_mult_15,none,1.0,prms_carea_max,#,15,1
carea_max_mult_16,none,1.0,prms_carea_max,#,16,1
carea_max_mult_17,none,1.0,prms_carea_max,#,17,1
carea_max_mult_18,none,1.0,prms_carea_max,#,18,1
carea_max_mult_19,none,1.0,prms_carea_max,#,19,1
carea_max_mult_20,none,1.0,prms_carea_max,#,20,1
carea_max_mult_21,none,1.0,prms_carea_max,#,21,1
carea_max_mult_22,none,1.0,prms_carea_max,#,22,1
covden_win_mult_01,none,1.0,prms_covden_win,#,1,1
covden_win_mult_02,none,1.0,prms_covden_win,#,2,1
covden_win_mult_03,none,1.0,prms_covden_win,#,3,1
covden_win_mult_04,none,1.0,prms_covden_win,#,4,1
covden_win_mult_05,none,1.0,prms_covden_win,#,5,1
covden_win_mult_06,none,1.0,prms_covden_win,#,6,1
covden_win_mult_07,none,1.0,prms_covden_win,#,7,1
covden_win_mult_08,none,1.0,prms_covden_win,#,8,1
covden_win_mult_09,none,1.0,prms_covden_win,#,9,1
covden_win_mult_10,none,1.0,prms_covden_win,#,10,1
covden_win_mult_11,none,1.0,prms_covden_win,#,11,1
covden_win_mult_12,none,1.0,prms_covden_win,#,12,1
covden_win_mult_13,none,1.0,prms_covden_win,#,13,1
covden_win_mult_14,none,1.0,prms_covden_win,#,14,1
covden_win_mult_15,none,1.0,prms_covden_win,#,15,1
covden_win_mult_16,none,1.0,prms_covden_win,#,16,1
covden_win_mult_17,none,1.0,prms_covden_win,#,17,1
covden_win_mult_18,none,1.0,prms_covden_win,#,18,1
covden_win_mult_19,none,1.0,prms_covden_win,#,19,1
covden_win_mult_20,none,1.0,prms_covden_win,#,20,1
covden_win_mult_21,none,1.0,prms_covden_win,#,21,1
covden_win_mult_22,none,1.0,prms_covden_win,#,22,1
extdp,none,0.010135410353541374,uzf_extdp,#,-999,1
jh_coef_mult_01_01,none,1.0,prms_jh_coef,#,1,1
jh_coef_mult_01_02,none,1.0,prms_jh_coef,#,2,1
jh_coef_mult_01_03,none,1.0,prms_jh_coef,#,3,1
jh_coef_mult_01_04,none,1.0,prms_jh_coef,#,4,1
jh_coef_mult_01_05,none,1.0,prms_jh_coef,#,5,1
jh_coef_mult_01_06,none,1.0,prms_jh_coef,#,6,1
jh_coef_mult_01_07,none,1.0,prms_jh_coef,#,7,1
jh_coef_mult_01_08,none,1.0,prms_jh_coef,#,8,1
jh_coef_mult_01_09,none,1.0,prms_jh_coef,#,9,1
jh_coef_mult_01_10,none,1.0,prms_jh_coef,#,10,1
jh_coef_mult_01_11,none,1.0,prms_jh_coef,#,11,1
jh_coef_mult_01_12,none,1.0,prms_jh_coef,#,12,1
jh_coef_mult_01_13,none,1.0,prms_jh_coef,#,13,1
jh_coef_mult_01_14,none,1.0,prms_jh_coef,#,14,1
jh_coef_mult_01_15,none,1.0,prms_jh_coef,#,15,1
jh_coef_mult_01_16,none,1.0,prms_jh_coef,#,16,1
jh_coef_mult_01_17,none,1.0,prms_jh_coef,#,17,1
jh_coef_mult_01_18,none,1.0,prms_jh_coef,#,18,1
jh_coef_mult_01_19,none,1.0,prms_jh_coef,#,19,1
jh_coef_mult_01_20,none,1.0,prms_jh_coef,#,20,1
jh_coef_mult_01_21,none,1.0,prms_jh_coef,#,21,1
jh_coef_mult_01_22,none,1.0,prms_jh_coef,#,22,1
jh_coef_mult_02_01,none,1.0,prms_jh_coef,#,1,1
jh_coef_mult_02_02,none,1.0,prms_jh_coef,#,2,1
jh_coef_mult_02_03,none,1.0,prms_jh_coef,#,3,1
jh_coef_mult_02_04,none,1.0,prms_jh_coef,#,4,1
jh_coef_mult_02_05,none,1.0,prms_jh_coef,#,5,1
jh_coef_mult_02_06,none,1.0,prms_jh_coef,#,6,1
jh_coef_mult_02_07,none,1.0,prms_jh_coef,#,7,1
jh_coef_mult_02_08,none,1.0,prms_jh_coef,#,8,1
jh_coef_mult_02_09,none,1.0,prms_jh_coef,#,9,1
jh_coef_mult_02_10,none,1.0,prms_jh_coef,#,10,1
jh_coef_mult_02_11,none,1.0,prms_jh_coef,#,11,1
jh_coef_mult_02_12,none,1.0,prms_jh_coef,#,12,1
jh_coef_mult_02_13,none,1.0,prms_jh_coef,#,13,1
jh_coef_mult_02_14,none,1.0,prms_jh_coef,#,14,1
jh_coef_mult_02_15,none,1.0,prms_jh_coef,#,15,1
jh_coef_mult_02_16,none,1.0,prms_jh_coef,#,16,1
jh_coef_mult_02_17,none,1.0,prms_jh_coef,#,17,1
jh_coef_mult_02_18,none,1.0,prms_jh_coef,#,18,1
jh_coef_mult_02_19,none,1.0,prms_jh_coef,#,19,1
jh_coef_mult_02_20,none,1.0,prms_jh_coef,#,20,1
jh_coef_mult_02_21,none,1.0,prms_jh_coef,#,21,1
jh_coef_mult_02_22,none,1.0,prms_jh_coef,#,22,1
jh_coef_mult_03_01,none,1.0,prms_jh_coef,#,1,1
jh_coef_mult_03_02,none,1.0,prms_jh_coef,#,2,1
jh_coef_mult_03_03,none,1.0,prms_jh_coef,#,3,1
jh_coef_mult_03_04,none,1.0,prms_jh_coef,#,4,1
jh_coef_mult_03_05,none,1.0,prms_jh_coef,#,5,1
jh_coef_mult_03_06,none,1.0,prms_jh_coef,#,6,1
jh_coef_mult_03_07,none,1.0,prms_jh_coef,#,7,1
jh_coef_mult_03_08,none,1.0,prms_jh_coef,#,8,1
jh_coef_mult_03_09,none,1.0,prms_jh_coef,#,9,1
jh_coef_mult_03_10,none,1.0,prms_jh_coef,#,10,1
jh_coef_mult_03_11,none,1.0,prms_jh_coef,#,11,1
jh_coef_mult_03_12,none,1.0,prms_jh_coef,#,12,1
jh_coef_mult_03_13,none,1.0,prms_jh_coef,#,13,1
jh_coef_mult_03_14,none,1.0,prms_jh_coef,#,14,1
jh_coef_mult_03_15,none,1.0,prms_jh_coef,#,15,1
jh_coef_mult_03_16,none,1.0,prms_jh_coef,#,16,1
jh_coef_mult_03_17,none,1.0,prms_jh_coef,#,17,1
jh_coef_mult_03_18,none,1.0,prms_jh_coef,#,18,1
jh_coef_mult_03_19,none,1.0,prms_jh_coef,#,19,1
jh_coef_mult_03_20,none,1.0,prms_jh_coef,#,20,1
jh_coef_mult_03_21,none,1.0,prms_jh_coef,#,21,1
jh_coef_mult_03_22,none,1.0,prms_jh_coef,#,22,1
jh_coef_mult_04_01,none,1.0,prms_jh_coef,#,1,1
jh_coef_mult_04_02,none,1.0,prms_jh_coef,#,2,1
jh_coef_mult_04_03,none,1.0,prms_jh_coef,#,3,1
jh_coef_mult_04_04,none,1.0,prms_jh_coef,#,4,1
jh_coef_mult_04_05,none,1.0,prms_jh_coef,#,5,1
jh_coef_mult_04_06,none,1.0,prms_jh_coef,#,6,1
jh_coef_mult_04_07,none,1.0,prms_jh_coef,#,7,1
jh_coef_mult_04_08,none,1.0,prms_jh_coef,#,8,1
jh_coef_mult_04_09,none,1.0,prms_jh_coef,#,9,1
jh_coef_mult_04_10,none,1.0,prms_jh_coef,#,10,1
jh_coef_mult_04_11,none,1.0,prms_jh_coef,#,11,1
jh_coef_mult_04_12,none,1.0,prms_jh_coef,#,12,1
jh_coef_mult_04_13,none,1.0,prms_jh_coef,#,13,1
jh_coef_mult_04_14,none,1.0,prms_jh_coef,#,14,1
jh_coef_mult_04_15,none,1.0,prms_jh_coef,#,15,1
jh_coef_mult_04_16,none,1.0,prms_jh_coef,#,16,1
jh_coef_mult_04_17,none,1.0,prms_jh_coef,#,17,1
jh_coef_mult_04_18,none,1.0,prms_jh_coef,#,18,1
jh_coef_mult_04_19,none,1.0,prms_jh_coef,#,19,1
jh_coef_mult_04_20,none,1.0,prms_jh_coef,#,20,1
jh_coef_mult_04_21,none,1.0,prms_jh_coef,#,21,1
jh_coef_mult_04_22,none,1.0,prms_jh_coef,#,22,1
jh_coef_mult_05_01,none,1.0,prms_jh_coef,#,1,1
jh_coef_mult_05_02,none,1.0,prms_jh_coef,#,2,1
jh_coef_mult_05_03,none,1.0,prms_jh_coef,#,3,1
jh_coef_mult_05_04,none,1.0,prms_jh_coef,#,4,1
jh_coef_mult_05_05,none,1.0,prms_jh_coef,#,5,1
jh_coef_mult_05_06,none,1.0,prms_jh_coef,#,6,1
jh_coef_mult_05_07,none,1.0,prms_jh_coef,#,7,1
jh_coef_mult_05_08,none,1.0,prms_jh_coef,#,8,1
jh_coef_mult_05_09,none,1.0,prms_jh_coef,#,9,1
jh_coef_mult_05_10,none,1.0,prms_jh_coef,#,10,1
jh_coef_mult_05_11,none,1.0,prms_jh_coef,#,11,1
jh_coef_mult_05_12,none,1.0,prms_jh_coef,#,12,1
jh_coef_mult_05_13,none,1.0,prms_jh_coef,#,13,1
jh_coef_mult_05_14,none,1.0,prms_jh_coef,#,14,1
jh_coef_mult_05_15,none,1.0,prms_jh_coef,#,15,1
jh_coef_mult_05_16,none,1.0,prms_jh_coef,#,16,1
jh_coef_mult_05_17,none,1.0,prms_jh_coef,#,17,1
jh_coef_mult_05_18,none,1.0,prms_jh_coef,#,18,1
jh_coef_mult_05_19,none,1.0,prms_jh_coef,#,19,1
jh_coef_mult_05_20,none,1.0,prms_jh_coef,#,20,1
jh_coef_mult_05_21,none,1.0,prms_jh_coef,#,21,1
jh_coef_mult_05_22,none,1.0,prms_jh_coef,#,22,1
jh_coef_mult_06_01,none,1.0,prms_jh_coef,#,1,1
jh_coef_mult_06_02,none,1.0,prms_jh_coef,#,2,1
jh_coef_mult_06_03,none,1.0,prms_jh_coef,#,3,1
jh_coef_mult_06_04,none,1.0,prms_jh_coef,#,4,1
jh_coef_mult_06_05,none,1.0,prms_jh_coef,#,5,1
jh_coef_mult_06_06,none,1.0,prms_jh_coef,#,6,1
jh_coef_mult_06_07,none,1.0,prms_jh_coef,#,7,1
jh_coef_mult_06_08,none,1.0,prms_jh_coef,#,8,1
jh_coef_mult_06_09,none,1.0,prms_jh_coef,#,9,1
jh_coef_mult_06_10,none,1.0,prms_jh_coef,#,10,1
jh_coef_mult_06_11,none,1.0,prms_jh_coef,#,11,1
jh_coef_mult_06_12,none,1.0,prms_jh_coef,#,12,1
jh_coef_mult_06_13,none,1.0,prms_jh_coef,#,13,1
jh_coef_mult_06_14,none,1.0,prms_jh_coef,#,14,1
jh_coef_mult_06_15,none,1.0,prms_jh_coef,#,15,1
jh_coef_mult_06_16,none,1.0,prms_jh_coef,#,16,1
jh_coef_mult_06_17,none,1.0,prms_jh_coef,#,17,1
jh_coef_mult_06_18,none,1.0,prms_jh_coef,#,18,1
jh_coef_mult_06_19,none,1.0,prms_jh_coef,#,19,1
jh_coef_mult_06_20,none,1.0,prms_jh_coef,#,20,1
jh_coef_mult_06_21,none,1.0,prms_jh_coef,#,21,1
jh_coef_mult_06_22,none,1.0,prms_jh_coef,#,22,1
jh_coef_mult_07_01,none,1.0,prms_jh_coef,#,1,1
jh_coef_mult_07_02,none,1.0,prms_jh_coef,#,2,1
jh_coef_mult_07_03,none,1.0,prms_jh_coef,#,3,1
jh_coef_mult_07_04,none,1.0,prms_jh_coef,#,4,1
jh_coef_mult_07_05,none,1.0,prms_jh_coef,#,5,1
jh_coef_mult_07_06,none,1.0,prms_jh_coef,#,6,1
jh_coef_mult_07_07,none,1.0,prms_jh_coef,#,7,1
jh_coef_mult_07_08,none,1.0,prms_jh_coef,#,8,1
jh_coef_mult_07_09,none,1.0,prms_jh_coef,#,9,1
jh_coef_mult_07_10,none,1.0,prms_jh_coef,#,10,1
jh_coef_mult_07_11,none,1.0,prms_jh_coef,#,11,1
jh_coef_mult_07_12,none,1.0,prms_jh_coef,#,12,1
jh_coef_mult_07_13,none,1.0,prms_jh_coef,#,13,1
jh_coef_mult_07_14,none,1.0,prms_jh_coef,#,14,1
jh_coef_mult_07_15,none,1.0,prms_jh_coef,#,15,1
jh_coef_mult_07_16,none,1.0,prms_jh_coef,#,16,1
jh_coef_mult_07_17,none,1.0,prms_jh_coef,#,17,1
jh_coef_mult_07_18,none,1.0,prms_jh_coef,#,18,1
jh_coef_mult_07_19,none,1.0,prms_jh_coef,#,19,1
jh_coef_mult_07_20,none,1.0,prms_jh_coef,#,20,1
jh_coef_mult_07_21,none,1.0,prms_jh_coef,#,21,1
jh_coef_mult_07_22,none,1.0,prms_jh_coef,#,22,1
jh_coef_mult_08_01,none,1.0,prms_jh_coef,#,1,1
jh_coef_mult_08_02,none,1.0,prms_jh_coef,#,2,1
jh_coef_mult_08_03,none,1.0,prms_jh_coef,#,3,1
jh_coef_mult_08_04,none,1.0,prms_jh_coef,#,4,1
jh_coef_mult_08_05,none,1.0,prms_jh_coef,#,5,1
jh_coef_mult_08_06,none,1.0,prms_jh_coef,#,6,1
jh_coef_mult_08_07,none,1.0,prms_jh_coef,#,7,1
jh_coef_mult_08_08,none,1.0,prms_jh_coef,#,8,1
jh_coef_mult_08_09,none,1.0,prms_jh_coef,#,9,1
jh_coef_mult_08_10,none,1.0,prms_jh_coef,#,10,1
jh_coef_mult_08_11,none,1.0,prms_jh_coef,#,11,1
jh_coef_mult_08_12,none,1.0,prms_jh_coef,#,12,1
jh_coef_mult_08_13,none,1.0,prms_jh_coef,#,13,1
jh_coef_mult_08_14,none,1.0,prms_jh_coef,#,14,1
jh_coef_mult_08_15,none,1.0,prms_jh_coef,#,15,1
jh_coef_mult_08_16,none,1.0,prms_jh_coef,#,16,1
jh_coef_mult_08_17,none,1.0,prms_jh_coef,#,17,1
jh_coef_mult_08_18,none,1.0,prms_jh_coef,#,18,1
jh_coef_mult_08_19,none,1.0,prms_jh_coef,#,19,1
jh_coef_mult_08_20,none,1.0,prms_jh_coef,#,20,1
jh_coef_mult_08_21,none,1.0,prms_jh_coef,#,21,1
jh_coef_mult_08_22,none,1.0,prms_jh_coef,#,22,1
jh_coef_mult_09_01,none,1.0,prms_jh_coef,#,1,1
jh_coef_mult_09_02,none,1.0,prms_jh_coef,#,2,1
jh_coef_mult_09_03,none,1.0,prms_jh_coef,#,3,1
jh_coef_mult_09_04,none,1.0,prms_jh_coef,#,4,1
jh_coef_mult_09_05,none,1.0,prms_jh_coef,#,5,1
jh_coef_mult_09_06,none,1.0,prms_jh_coef,#,6,1
jh_coef_mult_09_07,none,1.0,prms_jh_coef,#,7,1
jh_coef_mult_09_08,none,1.0,prms_jh_coef,#,8,1
jh_coef_mult_09_09,none,1.0,prms_jh_coef,#,9,1
jh_coef_mult_09_10,none,1.0,prms_jh_coef,#,10,1
jh_coef_mult_09_11,none,1.0,prms_jh_coef,#,11,1
jh_coef_mult_09_12,none,1.0,prms_jh_coef,#,12,1
jh_coef_mult_09_13,none,1.0,prms_jh_coef,#,13,1
jh_coef_mult_09_14,none,1.0,prms_jh_coef,#,14,1
jh_coef_mult_09_15,none,1.0,prms_jh_coef,#,15,1
jh_coef_mult_09_16,none,1.0,prms_jh_coef,#,16,1
jh_coef_mult_09_17,none,1.0,prms_jh_coef,#,17,1
jh_coef_mult_09_18,none,1.0,prms_jh_coef,#,18,1
jh_coef_mult_09_19,none,1.0,prms_jh_coef,#,19,1
jh_coef_mult_09_20,none,1.0,prms_jh_coef,#,20,1
jh_coef_mult_09_21,none,1.0,prms_jh_coef,#,21,1
jh_coef_mult_09_22,none,1.0,prms_jh_coef,#,22,1
jh_coef_mult_10_01,none,1.0,prms_jh_coef,#,1,1
jh_coef_mult_10_02,none,1.0,prms_jh_coef,#,2,1
jh_coef_mult_10_03,none,1.0,prms_jh_coef,#,3,1
jh_coef_mult_10_04,none,1.0,prms_jh_coef,#,4,1
jh_coef_mult_10_05,none,1.0,prms_jh_coef,#,5,1
jh_coef_mult_10_06,none,1.0,prms_jh_coef,#,6,1
jh_coef_mult_10_07,none,1.0,prms_jh_coef,#,7,1
jh_coef_mult_10_08,none,1.0,prms_jh_coef,#,8,1
jh_coef_mult_10_09,none,1.0,prms_jh_coef,#,9,1
jh_coef_mult_10_10,none,1.0,prms_jh_coef,#,10,1
jh_coef_mult_10_11,none,1.0,prms_jh_coef,#,11,1
jh_coef_mult_10_12,none,1.0,prms_jh_coef,#,12,1
jh_coef_mult_10_13,none,1.0,prms_jh_coef,#,13,1
jh_coef_mult_10_14,none,1.0,prms_jh_coef,#,14,1
jh_coef_mult_10_15,none,1.0,prms_jh_coef,#,15,1
jh_coef_mult_10_16,none,1.0,prms_jh_coef,#,16,1
jh_coef_mult_10_17,none,1.0,prms_jh_coef,#,17,1
jh_coef_mult_10_18,none,1.0,prms_jh_coef,#,18,1
jh_coef_mult_10_19,none,1.0,prms_jh_coef,#,19,1
jh_coef_mult_10_20,none,1.0,prms_jh_coef,#,20,1
jh_coef_mult_10_21,none,1.0,prms_jh_coef,#,21,1
jh_coef_mult_10_22,none,1.0,prms_jh_coef,#,22,1
jh_coef_mult_11_01,none,1.0,prms_jh_coef,#,1,1
jh_coef_mult_11_02,none,1.0,prms_jh_coef,#,2,1
jh_coef_mult_11_03,none,1.0,prms_jh_coef,#,3,1
jh_coef_mult_11_04,none,1.0,prms_jh_coef,#,4,1
jh_coef_mult_11_05,none,1.0,prms_jh_coef,#,5,1
jh_coef_mult_11_06,none,1.0,prms_jh_coef,#,6,1
jh_coef_mult_11_07,none,1.0,prms_jh_coef,#,7,1
jh_coef_mult_11_08,none,1.0,prms_jh_coef,#,8,1
jh_coef_mult_11_09,none,1.0,prms_jh_coef,#,9,1
jh_coef_mult_11_10,none,1.0,prms_jh_coef,#,10,1
jh_coef_mult_11_11,none,1.0,prms_jh_coef,#,11,1
jh_coef_mult_11_12,none,1.0,prms_jh_coef,#,12,1
jh_coef_mult_11_13,none,1.0,prms_jh_coef,#,13,1
jh_coef_mult_11_14,none,1.0,prms_jh_coef,#,14,1
jh_coef_mult_11_15,none,1.0,prms_jh_coef,#,15,1
jh_coef_mult_11_16,none,1.0,prms_jh_coef,#,16,1
jh_coef_mult_11_17,none,1.0,prms_jh_coef,#,17,1
jh_coef_mult_11_18,none,1.0,prms_jh_coef,#,18,1
jh_coef_mult_11_19,none,1.0,prms_jh_coef,#,19,1
jh_coef_mult_11_20,none,1.0,prms_jh_coef,#,20,1
jh_coef_mult_11_21,none,1.0,prms_jh_coef,#,21,1
jh_coef_mult_11_22,none,1.0,prms_jh_coef,#,22,1
jh_coef_mult_12_01,none,1.0,prms_jh_coef,#,1,1
jh_coef_mult_12_02,none,1.0,prms_jh_coef,#,2,1
jh_coef_mult_12_03,none,1.0,prms_jh_coef,#,3,1
jh_coef_mult_12_04,none,1.0,prms_jh_coef,#,4,1
jh_coef_mult_12_05,none,1.0,prms_jh_coef,#,5,1
jh_coef_mult_12_06,none,1.0,prms_jh_coef,#,6,1
jh_coef_mult_12_07,none,1.0,prms_jh_coef,#,7,1
jh_coef_mult_12_08,none,1.0,prms_jh_coef,#,8,1
jh_coef_mult_12_09,none,1.0,prms_jh_coef,#,9,1
jh_coef_mult_12_10,none,1.0,prms_jh_coef,#,10,1
jh_coef_mult_12_11,none,1.0,prms_jh_coef,#,11,1
jh_coef_mult_12_12,none,1.0,prms_jh_coef,#,12,1
jh_coef_mult_12_13,none,1.0,prms_jh_coef,#,13,1
jh_coef_mult_12_14,none,1.0,prms_jh_coef,#,14,1
jh_coef_mult_12_15,none,1.0,prms_jh_coef,#,15,1
jh_coef_mult_12_16,none,1.0,prms_jh_coef,#,16,1
jh_coef_mult_12_17,none,1.0,prms_jh_coef,#,17,1
jh_coef_mult_12_18,none,1.0,prms_jh_coef,#,18,1
jh_coef_mult_12_19,none,1.0,prms_jh_coef,#,19,1
jh_coef_mult_12_20,none,1.0,prms_jh_coef,#,20,1
jh_coef_mult_12_21,none,1.0,prms_jh_coef,#,21,1
jh_coef_mult_12_22,none,1.0,prms_jh_coef,#,22,1
ks_001,none,498.94158935546875,upw_ks,111,1,1
ks_002,none,0.002115030074492097,upw_ks,121,2,1
ks_003,none,0.18260304629802704,upw_ks,131,3,1
ks_004,none,315.05010986328125,upw_ks,141,4,1
ks_005,none,500.0,upw_ks,151,5,1
ks_006,none,23.277801513671875,upw_ks,161,6,1
ks_007,none,4.1700001020217314e-05,upw_ks,170,17,0
ks_008,none,0.03261599689722061,upw_ks,180,18,1
ks_009,none,0.7982974648475647,upw_ks,191,9,1
ks_010,none,0.0003156989987473935,upw_ks,212,1,1
ks_011,none,186.46861267089844,upw_ks,213,1,1
ks_012,none,257.5430908203125,upw_ks,243,4,1
ks_013,none,0.00024811114417389035,upw_ks,312,1,1
ks_014,none,178.7917938232422,upw_ks,313,1,1
ks_015,none,0.0001488690177211538,upw_ks,314,1,1
ks_016,none,44.260501861572266,upw_ks,322,2,1
ks_017,none,0.2667219638824463,upw_ks,324,2,1
ks_018,none,0.356564998626709,upw_ks,332,3,1
ks_019,none,7.004650115966797,upw_ks,333,3,1
ks_020,none,3.9836313724517822,upw_ks,342,4,1
ks_021,none,10.749897956848145,upw_ks,343,4,1
ks_022,none,0.19317269325256348,upw_ks,344,4,1
ks_023,none,285.6308288574219,upw_ks,352,5,1
ks_024,none,0.576470673084259,upw_ks,353,5,1
ks_025,none,0.0022178797516971827,upw_ks,354,5,1
ks_026,none,44.3506965637207,upw_ks,362,6,1
ks_027,none,0.002019410254433751,upw_ks,364,6,1
ks_028,none,12.675580024719238,upw_ks,392,9,1
ks_029,none,1.5924651622772217,upw_ks,394,9,1
ks_030,none,7.550000191258732e-06,upw_ks,415,1,1
ks_031,none,435.5412902832031,upw_ks,418,1,1
ks_032,none,3.380000271135941e-05,upw_ks,425,2,0
ks_033,none,0.018312597647309303,upw_ks,435,3,1
ks_034,none,14.353002548217773,upw_ks,437,3,0
ks_035,none,0.0007914560264907777,upw_ks,465,6,1
ks_036,none,70.01215362548828,upw_ks,495,9,1
ks_037,none,0.4655170142650604,upw_ks,515,1,1
ks_038,none,8.210001396946609e-06,upw_ks,518,1,1
ks_039,none,3.400000059627928e-05,upw_ks,525,2,1
ks_040,none,0.1999019980430603,upw_ks,528,2,1
ks_041,none,0.40220099687576294,upw_ks,537,3,0
ks_042,none,0.36328503489494324,upw_ks,538,3,0
ks_043,none,54.35649490356445,upw_ks,548,5,1
ks_044,none,0.0008816420449875295,upw_ks,558,6,1
ks_045,none,0.0054841795936226845,upw_ks,565,6,1
ks_046,none,6.022200107574463,upw_ks,568,6,1
ks_047,none,0.7508898377418518,upw_ks,578,7,0
ks_048,none,27.40250015258789,upw_ks,588,8,0
ks_049,none,12.942000389099121,upw_ks,595,9,1
ks_050,none,9.862780570983887,upw_ks,598,9,1
ks_051,none,47.27229309082031,upw_ks,615,1,1
ks_052,none,0.005854520481079817,upw_ks,617,1,1
ks_053,none,341.37139892578125,upw_ks,618,1,1
ks_054,none,0.00267690047621727,upw_ks,625,2,1
ks_055,none,0.7512679696083069,upw_ks,627,2,1
ks_056,none,10.856500625610352,upw_ks,628,2,1
ks_057,none,1.3422800302505493,upw_ks,637,3,1
ks_058,none,0.03253864869475365,upw_ks,645,4,0
ks_059,none,2.7800003863376332e-06,upw_ks,647,4,1
ks_060,none,289.1712951660156,upw_ks,648,4,1
ks_061,none,213.70701599121094,upw_ks,655,5,1
ks_062,none,0.43460598587989807,upw_ks,657,5,1
ks_063,none,0.3111877143383026,upw_ks,658,5,1
ks_064,none,0.00623646005988121,upw_ks,665,6,1
ks_065,none,1.8599995428303373e-06,upw_ks,667,6,1
ks_066,none,0.21866029500961304,upw_ks,668,6,1
ks_067,none,256.4819641113281,upw_ks,795,9,1
ks_068,none,13.931200981140137,upw_ks,796,9,1
ks_069,none,3.6491785049438477,upw_ks,797,9,1
ks_070,none,0.0011898200027644634,upw_ks,798,9,1
ks_071,none,7.46000023355009e-06,upw_ks,1010,1,1
ks_072,none,0.00020295599824748933,upw_ks,1020,2,1
ks_073,none,159.23770141601562,upw_ks,1030,4,1
ks_074,none,0.004636778496205807,upw_ks,1040,4,1
ks_075,none,2.5259268283843994,upw_ks,1050,5,1
ks_076,none,0.130971297621727,upw_ks,1060,6,1
ks_077,none,0.4515388607978821,upw_ks,1070,7,0
ks_078,none,0.016559645533561707,upw_ks,1080,10,0
ks_079,none,10.508599281311035,upw_ks,1090,10,1
ks_080,none,500.0,upw_ks,1101,10,1
ks_081,none,0.3895837962627411,upw_ks,1110,1,0
ks_082,none,5.5423383712768555,upw_ks,1121,12,1
ks_083,none,5.759980201721191,upw_ks,1131,13,0
ks_084,none,0.6509612202644348,upw_ks,1140,4,0
ks_085,none,8.660001185489818e-06,upw_ks,1150,5,1
ks_086,none,11.298200607299805,upw_ks,1160,6,1
ks_087,none,24.099918365478516,upw_ks,1171,17,1
ks_088,none,12.690020561218262,upw_ks,1181,18,1
ks_089,none,1.1299999869152089e-06,upw_ks,1190,9,0
ks_090,none,499.13720703125,upw_ks,1191,19,1
ks_091,none,154.82701110839844,upw_ks,1211,21,1
ks_092,none,6.169999687699601e-05,upw_ks,1220,2,0
ks_093,none,1.6149499416351318,upw_ks,1260,6,1
ks_094,none,5.194210052490234,upw_ks,1290,9,1
ks_095,none,3.809999907389283e-05,upw_ks,1320,2,0
ks_096,none,0.003487349720671773,upw_ks,1350,5,0
ks_097,none,2.7999999474559445e-06,upw_ks,1360,6,1
ks_098,none,0.338040292263031,upw_ks,1370,7,0
ks_099,none,36.574100494384766,upw_ks,1380,8,0
ks_100,none,0.003941170405596495,upw_ks,1410,1,1
ks_101,none,0.00015485800395254046,upw_ks,1420,2,1
ks_102,none,2.740000309131574e-05,upw_ks,1430,3,1
ks_103,none,0.013578600250184536,upw_ks,1440,4,1
ks_104,none,0.005884802434593439,upw_ks,1450,5,1
ks_105,none,0.0050854990258812904,upw_ks,1460,6,1
ks_106,none,173.09080505371094,upw_ks,1480,8,0
ks_107,none,0.003862776793539524,upw_ks,1490,9,1
ks_108,none,0.0002345030225114897,upw_ks,2112,11,1
ks_109,none,2.1330959796905518,upw_ks,2113,11,1
ks_110,none,25.194440841674805,upw_ks,2122,12,1
ks_111,none,24.6531982421875,upw_ks,2123,12,1
ks_112,none,148.84127807617188,upw_ks,2182,18,0
ks_113,none,0.6036558747291565,upw_ks,2183,18,1
ks_114,none,69.19549560546875,upw_ks,3102,10,1
ks_115,none,78.1019058227539,upw_ks,3103,10,1
ks_116,none,82.10980224609375,upw_ks,3104,10,1
ks_117,none,0.05135970562696457,upw_ks,3112,12,1
ks_118,none,0.00024148802913259715,upw_ks,3114,11,1
ks_119,none,0.01703549735248089,upw_ks,3122,12,1
ks_120,none,279.4070129394531,upw_ks,3123,12,1
ks_121,none,14.344198226928711,upw_ks,3124,12,1
ks_122,none,52.737060546875,upw_ks,3142,14,1
ks_123,none,0.00021518698486033827,upw_ks,3152,15,1
ks_124,none,0.05302394926548004,upw_ks,3154,15,1
ks_125,none,446.89398193359375,upw_ks,3162,16,1
ks_126,none,109.69389343261719,upw_ks,3163,16,1
ks_127,none,399.677978515625,upw_ks,3164,16,1
ks_128,none,12.01807975769043,upw_ks,3172,17,1
ks_129,none,240.8717803955078,upw_ks,3173,17,0
ks_130,none,32.60760498046875,upw_ks,3174,17,1
ks_131,none,0.00020027700520586222,upw_ks,4125,12,0
ks_132,none,55.35544967651367,upw_ks,4135,13,0
ks_133,none,0.18144309520721436,upw_ks,4175,17,0
ks_134,none,2.926107883453369,upw_ks,4185,18,1
ks_135,none,6.8235087394714355,upw_ks,4195,21,1
ks_136,none,1.2199999218864832e-05,upw_ks,4215,21,1
ks_137,none,1860.52099609375,upw_ks,5106,10,1
ks_138,none,77.00621795654297,upw_ks,5108,10,1
ks_139,none,1.473128080368042,upw_ks,5115,11,1
ks_140,none,494.5669250488281,upw_ks,5118,11,1
ks_141,none,0.07794135808944702,upw_ks,5128,12,0
ks_142,none,0.0006564910290762782,upw_ks,5145,14,1
ks_143,none,150.09031677246094,upw_ks,5146,14,1
ks_144,none,18.248132705688477,upw_ks,5147,14,1
ks_145,none,45.53633117675781,upw_ks,5148,14,1
ks_146,none,313.227783203125,upw_ks,5158,15,0
ks_147,none,18.146760940551758,upw_ks,5168,17,0
ks_148,none,0.0001634410145925358,upw_ks,5178,17,0
ks_149,none,3.2500000088475645e-05,upw_ks,5185,18,0
ks_150,none,499.48883056640625,upw_ks,5188,18,1
ks_151,none,0.12294109910726547,upw_ks,5198,19,1
ks_152,none,9.899996484818985e-07,upw_ks,5208,20,0
ks_153,none,16.061647415161133,upw_ks,5218,21,1
ks_154,none,25.319049835205078,upw_ks,5228,22,0
ks_155,none,0.015183530747890472,upw_ks,7105,10,1
ks_156,none,0.0003545540093909949,upw_ks,7106,10,1
ks_157,none,92.16893768310547,upw_ks,7107,16,1
ks_158,none,227.10400390625,upw_ks,7115,11,1
ks_159,none,0.13300758600234985,upw_ks,7125,12,1
ks_160,none,56.25020217895508,upw_ks,7126,12,1
ks_161,none,74.9119873046875,upw_ks,7127,16,1
ks_162,none,171.65049743652344,upw_ks,7146,14,1
ks_163,none,1.9298170804977417,upw_ks,7155,15,1
ks_164,none,5.655677795410156,upw_ks,7156,15,1
ks_165,none,0.00027216298622079194,upw_ks,7157,15,1
ks_166,none,0.0005688670207746327,upw_ks,7165,16,1
ks_167,none,26.772512435913086,upw_ks,7166,16,1
ks_168,none,0.00039782997919246554,upw_ks,7167,16,1
ks_169,none,330.6453857421875,upw_ks,7175,17,1
ks_170,none,5.990000136080198e-05,upw_ks,7176,17,1
ks_171,none,0.002404039027169347,upw_ks,7177,17,1
ks_172,none,4.196637153625488,upw_ks,8115,11,1
ks_173,none,10.001830101013184,upw_ks,8116,11,1
ks_174,none,89.64495849609375,upw_ks,8118,11,0
ks_175,none,0.0024394639767706394,upw_ks,8125,12,0
ks_176,none,0.0048867096193134785,upw_ks,8126,12,1
ks_177,none,14.382060050964355,upw_ks,8127,12,1
ks_178,none,239.35679626464844,upw_ks,9175,17,1
ks_179,none,6.315612316131592,upw_ks,9177,17,1
ks_180,none,1083.5899658203125,upw_ks,9185,18,1
ks_181,none,19.890779495239258,upw_ks,9187,18,0
ks_182,none,412.3402099609375,upw_ks,9188,18,1
ks_183,none,1.1196160316467285,upw_ks,9217,21,0
ks_184,none,0.00030239601619541645,upw_ks,10100,10,1
ks_185,none,0.10575428605079651,upw_ks,10110,11,1
ks_186,none,1.6064203977584839,upw_ks,10120,12,1
ks_187,none,21.039958953857422,upw_ks,10140,14,0
ks_188,none,12.149099349975586,upw_ks,10160,16,1
ks_189,none,0.030998315662145615,upw_ks,10170,17,0
ks_190,none,0.003796182805672288,upw_ks,10180,18,1
ks_191,none,0.3015041649341583,upw_ks,10190,19,0
ks_192,none,0.0005978030385449529,upw_ks,10200,21,0
ks_193,none,0.13003049790859222,upw_ks,10210,21,1
ks_194,none,1.0300000212737359e-05,upw_ks,10220,22,0
ks_195,none,21.747848510742188,upw_ks,11140,14,0
ks_196,none,0.00023610799689777195,upw_ks,11160,16,0
ks_197,none,184.06068420410156,upw_ks,11180,18,1
ks_198,none,0.09393870085477829,upw_ks,11190,19,1
ks_199,none,0.004306636285036802,upw_ks,11200,20,0
ks_200,none,4.879997845819162e-07,upw_ks,11210,21,1
ks_201,none,2.689999746507965e-05,upw_ks,11220,22,0
ks_202,none,0.8053953051567078,upw_ks,12100,10,1
ks_203,none,0.00021387198648881167,upw_ks,12120,17,1
ks_204,none,0.0012182347709313035,upw_ks,12130,13,0
ks_205,none,168.5157012939453,upw_ks,12140,16,1
ks_206,none,6.530001428473042e-07,upw_ks,12150,15,0
ks_207,none,303.1751403808594,upw_ks,12160,16,1
ks_208,none,1.0099997780343983e-05,upw_ks,12170,17,1
ks_209,none,0.0011858552461490035,upw_ks,12180,18,1
ks_210,none,7.380003080470487e-05,upw_ks,12200,20,0
ks_211,none,6.93999754730612e-06,upw_ks,12210,21,1
ks_212,none,0.00018919400463346392,upw_ks,12220,22,0
ks_213,none,50.14192581176758,upw_ks,13100,10,0
ks_214,none,1.4400001191461342e-06,upw_ks,13110,11,0
ks_215,none,0.5726203918457031,upw_ks,13120,12,1
ks_216,none,9.123425483703613,upw_ks,13140,15,1
ks_217,none,100.70500183105469,upw_ks,13150,15,0
ks_218,none,0.150639146566391,upw_ks,13160,16,1
ks_219,none,4.1399995097890496e-05,upw_ks,13180,18,1
ks_220,none,45.43639373779297,upw_ks,13200,20,0
ks_221,none,8.689998503541574e-05,upw_ks,13210,21,0
ks_222,none,59.87010955810547,upw_ks,13220,22,0
ks_223,none,1.7252299785614014,upw_ks,14100,10,1
ks_224,none,1.627233624458313,upw_ks,14110,11,1
ks_225,none,0.0033204001374542713,upw_ks,14120,12,1
ks_226,none,0.011647230014204979,upw_ks,14130,13,0
ks_227,none,2.28000008064555e-05,upw_ks,14140,14,1
ks_228,none,50.5599479675293,upw_ks,14150,15,1
ks_229,none,0.012928799726068974,upw_ks,14160,17,1
ks_230,none,344.0,upw_ks,14170,17,1
ks_231,none,6.240000402613077e-06,upw_ks,14180,18,1
ks_232,none,178.05601501464844,upw_ks,14190,19,1
ks_233,none,2.150000182155054e-05,upw_ks,14210,21,1
ks_371,none,69.93804931640625,upw_ks,1010,1,1
ks_372,none,0.003988780081272125,upw_ks,1020,2,1
ks_373,none,5.0499998906161636e-05,upw_ks,1030,4,1
ks_374,none,0.5805081725120544,upw_ks,1040,4,1
ks_375,none,0.23225662112236023,upw_ks,1050,5,1
ks_376,none,4.213500499725342,upw_ks,1060,6,1
ks_377,none,74.98062896728516,upw_ks,1070,7,0
ks_378,none,0.572941780090332,upw_ks,1080,10,0
ks_379,none,5.510769367218018,upw_ks,1090,10,1
ks_381,none,0.3310571014881134,upw_ks,1110,1,0
ks_384,none,1.2199999446238508e-06,upw_ks,1140,4,0
ks_385,none,0.4050067067146301,upw_ks,1150,5,1
ks_386,none,1.2000001333944965e-05,upw_ks,1160,6,1
ks_389,none,148.0859832763672,upw_ks,1190,9,0
ks_392,none,0.0012196400202810764,upw_ks,1220,2,0
ks_393,none,1.081220030784607,upw_ks,1260,6,1
ks_394,none,2.2708399295806885,upw_ks,1290,9,1
ks_395,none,0.0007302789599634707,upw_ks,1320,2,0
ks_396,none,9.960003080777824e-05,upw_ks,1350,5,0
ks_397,none,0.6317030191421509,upw_ks,1360,6,1
ks_398,none,0.4567227065563202,upw_ks,1370,7,0
ks_399,none,0.00038071797462180257,upw_ks,1380,8,0
ks_400,none,200.57752990722656,upw_ks,1410,1,1
ks_401,none,0.002579780062660575,upw_ks,1420,2,1
ks_402,none,0.0005062990239821374,upw_ks,1430,3,0
ks_403,none,154.71189880371094,upw_ks,1440,4,1
ks_404,none,8.179998985724524e-05,upw_ks,1450,5,1
ks_405,none,2.8578600883483887,upw_ks,1460,6,1
ks_406,none,152.02859497070312,upw_ks,1480,8,0
ks_407,none,0.00032897599157877266,upw_ks,1490,9,0
ks_484,none,0.028735505416989326,upw_ks,10100,10,1
ks_485,none,7.330990791320801,upw_ks,10110,11,1
ks_486,none,9.176133155822754,upw_ks,10120,12,1
ks_487,none,96.12689971923828,upw_ks,10140,14,0
ks_488,none,75.8210220336914,upw_ks,10160,16,0
ks_489,none,1.4737297296524048,upw_ks,10170,17,0
ks_490,none,2.468280076980591,upw_ks,10180,18,1
ks_491,none,14.439949989318848,upw_ks,10190,19,0
ks_492,none,117.95899963378906,upw_ks,10200,21,0
ks_493,none,0.042378801852464676,upw_ks,10210,21,1
ks_494,none,1.9436898231506348,upw_ks,10220,22,0
ks_495,none,135.61111450195312,upw_ks,11140,14,0
ks_496,none,9.270827293395996,upw_ks,11160,16,0
ks_497,none,16.775999069213867,upw_ks,11180,18,1
ks_498,none,7.262709617614746,upw_ks,11190,19,1
ks_499,none,102.08799743652344,upw_ks,11200,20,0
ks_500,none,0.022103797644376755,upw_ks,11210,21,1
ks_501,none,11.363299369812012,upw_ks,11220,22,0
ks_502,none,0.1365387737751007,upw_ks,12100,10,1
ks_503,none,0.003391040489077568,upw_ks,12120,17,1
ks_504,none,2.601569890975952,upw_ks,12130,13,0
ks_505,none,44.93506622314453,upw_ks,12140,16,1
ks_506,none,0.0006710570305585861,upw_ks,12150,15,0
ks_507,none,27.797813415527344,upw_ks,12160,16,1
ks_508,none,8.97999998414889e-05,upw_ks,12170,17,0
ks_509,none,0.019124269485473633,upw_ks,12180,18,1
ks_510,none,3.1030187606811523,upw_ks,12200,20,0
ks_511,none,0.011172800324857235,upw_ks,12210,21,1
ks_512,none,1.4700000065204222e-05,upw_ks,12220,22,0
ks_513,none,91.78951263427734,upw_ks,13100,10,0
ks_514,none,4.470003113965504e-05,upw_ks,13110,11,0
ks_515,none,9.13702392578125,upw_ks,13120,12,0
ks_516,none,87.04753875732422,upw_ks,13140,15,1
ks_517,none,237.984130859375,upw_ks,13150,15,0
ks_518,none,9.125229835510254,upw_ks,13160,16,0
ks_519,none,0.015496250241994858,upw_ks,13180,18,1
ks_520,none,0.33818620443344116,upw_ks,13200,20,0
ks_521,none,79.92694854736328,upw_ks,13210,21,0
ks_522,none,1.418954849243164,upw_ks,13220,22,0
ks_523,none,17.940914154052734,upw_ks,14100,10,1
ks_524,none,6.049999865354039e-05,upw_ks,14110,11,0
ks_525,none,33.812374114990234,upw_ks,14120,12,0
ks_530,none,0.4017130136489868,upw_ks,14170,17,0
ks_531,none,0.13160119950771332,upw_ks,14180,18,1
ks_533,none,0.0003457569982856512,upw_ks,14210,21,1
lak_cond_01,none,1.0,lak_cd,#,3,1
lak_cond_02,none,1.0,lak_cd,#,22,1
lak_cond_12,none,1.06949,lak_cd,#,18,1
pref_flow_den_mult_01,none,1.0,prms_pref_flow_den,#,1,1
pref_flow_den_mult_02,none,1.0,prms_pref_flow_den,#,2,1
pref_flow_den_mult_03,none,1.0,prms_pref_flow_den,#,3,1
pref_flow_den_mult_04,none,1.0,prms_pref_flow_den,#,4,1
pref_flow_den_mult_05,none,1.0,prms_pref_flow_den,#,5,1
pref_flow_den_mult_06,none,1.0,prms_pref_flow_den,#,6,1
pref_flow_den_mult_07,none,1.0,prms_pref_flow_den,#,7,1
pref_flow_den_mult_08,none,1.0,prms_pref_flow_den,#,8,1
pref_flow_den_mult_09,none,1.0,prms_pref_flow_den,#,9,1
pref_flow_den_mult_10,none,1.0,prms_pref_flow_den,#,10,1
pref_flow_den_mult_11,none,1.0,prms_pref_flow_den,#,11,1
pref_flow_den_mult_12,none,1.0,prms_pref_flow_den,#,12,1
pref_flow_den_mult_13,none,1.0,prms_pref_flow_den,#,13,1
pref_flow_den_mult_14,none,1.0,prms_pref_flow_den,#,14,1
pref_flow_den_mult_15,none,1.0,prms_pref_flow_den,#,15,1
pref_flow_den_mult_16,none,1.0,prms_pref_flow_den,#,16,1
pref_flow_den_mult_17,none,1.0,prms_pref_flow_den,#,17,1
pref_flow_den_mult_18,none,1.0,prms_pref_flow_den,#,18,1
pref_flow_den_mult_19,none,1.0,prms_pref_flow_den,#,19,1
pref_flow_den_mult_20,none,1.0,prms_pref_flow_den,#,20,1
pref_flow_den_mult_21,none,1.0,prms_pref_flow_den,#,21,1
pref_flow_den_mult_22,none,1.0,prms_pref_flow_den,#,22,1
rain_adj_mult_01_01,none,1.0,prms_rain_adj,#,1,1
rain_adj_mult_01_02,none,1.0,prms_rain_adj,#,2,1
rain_adj_mult_01_03,none,1.0,prms_rain_adj,#,3,1
rain_adj_mult_01_04,none,1.0,prms_rain_adj,#,4,1
rain_adj_mult_01_05,none,1.0,prms_rain_adj,#,5,1
rain_adj_mult_01_06,none,1.0,prms_rain_adj,#,6,1
rain_adj_mult_01_07,none,1.0,prms_rain_adj,#,7,1
rain_adj_mult_01_08,none,1.0,prms_rain_adj,#,8,1
rain_adj_mult_01_09,none,1.0,prms_rain_adj,#,9,1
rain_adj_mult_01_10,none,1.0,prms_rain_adj,#,10,1
rain_adj_mult_01_11,none,1.0,prms_rain_adj,#,11,1
rain_adj_mult_01_12,none,1.0,prms_rain_adj,#,12,1
rain_adj_mult_01_13,none,1.0,prms_rain_adj,#,13,1
rain_adj_mult_01_14,none,1.0,prms_rain_adj,#,14,1
rain_adj_mult_01_15,none,1.0,prms_rain_adj,#,15,1
rain_adj_mult_01_16,none,1.0,prms_rain_adj,#,16,1
rain_adj_mult_01_17,none,1.0,prms_rain_adj,#,17,1
rain_adj_mult_01_18,none,1.0,prms_rain_adj,#,18,1
rain_adj_mult_01_19,none,1.0,prms_rain_adj,#,19,1
rain_adj_mult_01_20,none,1.0,prms_rain_adj,#,20,1
rain_adj_mult_01_21,none,1.0,prms_rain_adj,#,21,1
rain_adj_mult_01_22,none,1.0,prms_rain_adj,#,22,1
rain_adj_mult_02_01,none,1.0,prms_rain_adj,#,1,1
rain_adj_mult_02_02,none,1.0,prms_rain_adj,#,2,1
rain_adj_mult_02_03,none,1.0,prms_rain_adj,#,3,1
rain_adj_mult_02_04,none,1.0,prms_rain_adj,#,4,1
rain_adj_mult_02_05,none,1.0,prms_rain_adj,#,5,1
rain_adj_mult_02_06,none,1.0,prms_rain_adj,#,6,1
rain_adj_mult_02_07,none,1.0,prms_rain_adj,#,7,1
rain_adj_mult_02_08,none,1.0,prms_rain_adj,#,8,1
rain_adj_mult_02_09,none,1.0,prms_rain_adj,#,9,1
rain_adj_mult_02_10,none,1.0,prms_rain_adj,#,10,1
rain_adj_mult_02_11,none,1.0,prms_rain_adj,#,11,1
rain_adj_mult_02_12,none,1.0,prms_rain_adj,#,12,1
rain_adj_mult_02_13,none,1.0,prms_rain_adj,#,13,1
rain_adj_mult_02_14,none,1.0,prms_rain_adj,#,14,1
rain_adj_mult_02_15,none,1.0,prms_rain_adj,#,15,1
rain_adj_mult_02_16,none,1.0,prms_rain_adj,#,16,1
rain_adj_mult_02_17,none,1.0,prms_rain_adj,#,17,1
rain_adj_mult_02_18,none,1.0,prms_rain_adj,#,18,1
rain_adj_mult_02_19,none,1.0,prms_rain_adj,#,19,1
rain_adj_mult_02_20,none,1.0,prms_rain_adj,#,20,1
rain_adj_mult_02_21,none,1.0,prms_rain_adj,#,21,1
rain_adj_mult_02_22,none,1.0,prms_rain_adj,#,22,1
rain_adj_mult_03_01,none,1.0,prms_rain_adj,#,1,1
rain_adj_mult_03_02,none,1.0,prms_rain_adj,#,2,1
rain_adj_mult_03_03,none,1.0,prms_rain_adj,#,3,1
rain_adj_mult_03_04,none,1.0,prms_rain_adj,#,4,1
rain_adj_mult_03_05,none,1.0,prms_rain_adj,#,5,1
rain_adj_mult_03_06,none,1.0,prms_rain_adj,#,6,1
rain_adj_mult_03_07,none,1.0,prms_rain_adj,#,7,1
rain_adj_mult_03_08,none,1.0,prms_rain_adj,#,8,1
rain_adj_mult_03_09,none,1.0,prms_rain_adj,#,9,1
rain_adj_mult_03_10,none,1.0,prms_rain_adj,#,10,1
rain_adj_mult_03_11,none,1.0,prms_rain_adj,#,11,1
rain_adj_mult_03_12,none,1.0,prms_rain_adj,#,12,1
rain_adj_mult_03_13,none,1.0,prms_rain_adj,#,13,1
rain_adj_mult_03_14,none,1.0,prms_rain_adj,#,14,1
rain_adj_mult_03_15,none,1.0,prms_rain_adj,#,15,1
rain_adj_mult_03_16,none,1.0,prms_rain_adj,#,16,1
rain_adj_mult_03_17,none,1.0,prms_rain_adj,#,17,1
rain_adj_mult_03_18,none,1.0,prms_rain_adj,#,18,1
rain_adj_mult_03_19,none,1.0,prms_rain_adj,#,19,1
rain_adj_mult_03_20,none,1.0,prms_rain_adj,#,20,1
rain_adj_mult_03_21,none,1.0,prms_rain_adj,#,21,1
rain_adj_mult_03_22,none,1.0,prms_rain_adj,#,22,1
rain_adj_mult_04_01,none,1.0,prms_rain_adj,#,1,1
rain_adj_mult_04_02,none,1.0,prms_rain_adj,#,2,1
rain_adj_mult_04_03,none,1.0,prms_rain_adj,#,3,1
rain_adj_mult_04_04,none,1.0,prms_rain_adj,#,4,1
rain_adj_mult_04_05,none,1.0,prms_rain_adj,#,5,1
rain_adj_mult_04_06,none,1.0,prms_rain_adj,#,6,1
rain_adj_mult_04_07,none,1.0,prms_rain_adj,#,7,1
rain_adj_mult_04_08,none,1.0,prms_rain_adj,#,8,1
rain_adj_mult_04_09,none,1.0,prms_rain_adj,#,9,1
rain_adj_mult_04_10,none,1.0,prms_rain_adj,#,10,1
rain_adj_mult_04_11,none,1.0,prms_rain_adj,#,11,1
rain_adj_mult_04_12,none,1.0,prms_rain_adj,#,12,1
rain_adj_mult_04_13,none,1.0,prms_rain_adj,#,13,1
rain_adj_mult_04_14,none,1.0,prms_rain_adj,#,14,1
rain_adj_mult_04_15,none,1.0,prms_rain_adj,#,15,1
rain_adj_mult_04_16,none,1.0,prms_rain_adj,#,16,1
rain_adj_mult_04_17,none,1.0,prms_rain_adj,#,17,1
rain_adj_mult_04_18,none,1.0,prms_rain_adj,#,18,1
rain_adj_mult_04_19,none,1.0,prms_rain_adj,#,19,1
rain_adj_mult_04_20,none,1.0,prms_rain_adj,#,20,1
rain_adj_mult_04_21,none,1.0,prms_rain_adj,#,21,1
rain_adj_mult_04_22,none,1.0,prms_rain_adj,#,22,1
rain_adj_mult_05_01,none,1.0,prms_rain_adj,#,1,1
rain_adj_mult_05_02,none,1.0,prms_rain_adj,#,2,1
rain_adj_mult_05_03,none,1.0,prms_rain_adj,#,3,1
rain_adj_mult_05_04,none,1.0,prms_rain_adj,#,4,1
rain_adj_mult_05_05,none,1.0,prms_rain_adj,#,5,1
rain_adj_mult_05_06,none,1.0,prms_rain_adj,#,6,1
rain_adj_mult_05_07,none,1.0,prms_rain_adj,#,7,1
rain_adj_mult_05_08,none,1.0,prms_rain_adj,#,8,1
rain_adj_mult_05_09,none,1.0,prms_rain_adj,#,9,1
rain_adj_mult_05_10,none,1.0,prms_rain_adj,#,10,1
rain_adj_mult_05_11,none,1.0,prms_rain_adj,#,11,1
rain_adj_mult_05_12,none,1.0,prms_rain_adj,#,12,1
rain_adj_mult_05_13,none,1.0,prms_rain_adj,#,13,1
rain_adj_mult_05_14,none,1.0,prms_rain_adj,#,14,1
rain_adj_mult_05_15,none,1.0,prms_rain_adj,#,15,1
rain_adj_mult_05_16,none,1.0,prms_rain_adj,#,16,1
rain_adj_mult_05_17,none,1.0,prms_rain_adj,#,17,1
rain_adj_mult_05_18,none,1.0,prms_rain_adj,#,18,1
rain_adj_mult_05_19,none,1.0,prms_rain_adj,#,19,1
rain_adj_mult_05_20,none,1.0,prms_rain_adj,#,20,1
rain_adj_mult_05_21,none,1.0,prms_rain_adj,#,21,1
rain_adj_mult_05_22,none,1.0,prms_rain_adj,#,22,1
rain_adj_mult_06_01,none,1.0,prms_rain_adj,#,1,1
rain_adj_mult_06_02,none,1.0,prms_rain_adj,#,2,1
rain_adj_mult_06_03,none,1.0,prms_rain_adj,#,3,1
rain_adj_mult_06_04,none,1.0,prms_rain_adj,#,4,1
rain_adj_mult_06_05,none,1.0,prms_rain_adj,#,5,1
rain_adj_mult_06_06,none,1.0,prms_rain_adj,#,6,1
rain_adj_mult_06_07,none,1.0,prms_rain_adj,#,7,1
rain_adj_mult_06_08,none,1.0,prms_rain_adj,#,8,1
rain_adj_mult_06_09,none,1.0,prms_rain_adj,#,9,1
rain_adj_mult_06_10,none,1.0,prms_rain_adj,#,10,1
rain_adj_mult_06_11,none,1.0,prms_rain_adj,#,11,1
rain_adj_mult_06_12,none,1.0,prms_rain_adj,#,12,1
rain_adj_mult_06_13,none,1.0,prms_rain_adj,#,13,1
rain_adj_mult_06_14,none,1.0,prms_rain_adj,#,14,1
rain_adj_mult_06_15,none,1.0,prms_rain_adj,#,15,1
rain_adj_mult_06_16,none,1.0,prms_rain_adj,#,16,1
rain_adj_mult_06_17,none,1.0,prms_rain_adj,#,17,1
rain_adj_mult_06_18,none,1.0,prms_rain_adj,#,18,1
rain_adj_mult_06_19,none,1.0,prms_rain_adj,#,19,1
rain_adj_mult_06_20,none,1.0,prms_rain_adj,#,20,1
rain_adj_mult_06_21,none,1.0,prms_rain_adj,#,21,1
rain_adj_mult_06_22,none,1.0,prms_rain_adj,#,22,1
rain_adj_mult_07_01,none,1.0,prms_rain_adj,#,1,1
rain_adj_mult_07_02,none,1.0,prms_rain_adj,#,2,1
rain_adj_mult_07_03,none,1.0,prms_rain_adj,#,3,1
rain_adj_mult_07_04,none,1.0,prms_rain_adj,#,4,1
rain_adj_mult_07_05,none,1.0,prms_rain_adj,#,5,1
rain_adj_mult_07_06,none,1.0,prms_rain_adj,#,6,1
rain_adj_mult_07_07,none,1.0,prms_rain_adj,#,7,1
rain_adj_mult_07_08,none,1.0,prms_rain_adj,#,8,1
rain_adj_mult_07_09,none,1.0,prms_rain_adj,#,9,1
rain_adj_mult_07_10,none,1.0,prms_rain_adj,#,10,1
rain_adj_mult_07_11,none,1.0,prms_rain_adj,#,11,1
rain_adj_mult_07_12,none,1.0,prms_rain_adj,#,12,1
rain_adj_mult_07_13,none,1.0,prms_rain_adj,#,13,1
rain_adj_mult_07_14,none,1.0,prms_rain_adj,#,14,1
rain_adj_mult_07_15,none,1.0,prms_rain_adj,#,15,1
rain_adj_mult_07_16,none,1.0,prms_rain_adj,#,16,1
rain_adj_mult_07_17,none,1.0,prms_rain_adj,#,17,1
rain_adj_mult_07_18,none,1.0,prms_rain_adj,#,18,1
rain_adj_mult_07_19,none,1.0,prms_rain_adj,#,19,1
rain_adj_mult_07_20,none,1.0,prms_rain_adj,#,20,1
rain_adj_mult_07_21,none,1.0,prms_rain_adj,#,21,1
rain_adj_mult_07_22,none,1.0,prms_rain_adj,#,22,1
rain_adj_mult_08_01,none,1.0,prms_rain_adj,#,1,1
rain_adj_mult_08_02,none,1.0,prms_rain_adj,#,2,1
rain_adj_mult_08_03,none,1.0,prms_rain_adj,#,3,1
rain_adj_mult_08_04,none,1.0,prms_rain_adj,#,4,1
rain_adj_mult_08_05,none,1.0,prms_rain_adj,#,5,1
rain_adj_mult_08_06,none,1.0,prms_rain_adj,#,6,1
rain_adj_mult_08_07,none,1.0,prms_rain_adj,#,7,1
rain_adj_mult_08_08,none,1.0,prms_rain_adj,#,8,1
rain_adj_mult_08_09,none,1.0,prms_rain_adj,#,9,1
rain_adj_mult_08_10,none,1.0,prms_rain_adj,#,10,1
rain_adj_mult_08_11,none,1.0,prms_rain_adj,#,11,1
rain_adj_mult_08_12,none,1.0,prms_rain_adj,#,12,1
rain_adj_mult_08_13,none,1.0,prms_rain_adj,#,13,1
rain_adj_mult_08_14,none,1.0,prms_rain_adj,#,14,1
rain_adj_mult_08_15,none,1.0,prms_rain_adj,#,15,1
rain_adj_mult_08_16,none,1.0,prms_rain_adj,#,16,1
rain_adj_mult_08_17,none,1.0,prms_rain_adj,#,17,1
rain_adj_mult_08_18,none,1.0,prms_rain_adj,#,18,1
rain_adj_mult_08_19,none,1.0,prms_rain_adj,#,19,1
rain_adj_mult_08_20,none,1.0,prms_rain_adj,#,20,1
rain_adj_mult_08_21,none,1.0,prms_rain_adj,#,21,1
rain_adj_mult_08_22,none,1.0,prms_rain_adj,#,22,1
rain_adj_mult_09_01,none,1.0,prms_rain_adj,#,1,1
rain_adj_mult_09_02,none,1.0,prms_rain_adj,#,2,1
rain_adj_mult_09_03,none,1.0,prms_rain_adj,#,3,1
rain_adj_mult_09_04,none,1.0,prms_rain_adj,#,4,1
rain_adj_mult_09_05,none,1.0,prms_rain_adj,#,5,1
rain_adj_mult_09_06,none,1.0,prms_rain_adj,#,6,1
rain_adj_mult_09_07,none,1.0,prms_rain_adj,#,7,1
rain_adj_mult_09_08,none,1.0,prms_rain_adj,#,8,1
rain_adj_mult_09_09,none,1.0,prms_rain_adj,#,9,1
rain_adj_mult_09_10,none,1.0,prms_rain_adj,#,10,1
rain_adj_mult_09_11,none,1.0,prms_rain_adj,#,11,1
rain_adj_mult_09_12,none,1.0,prms_rain_adj,#,12,1
rain_adj_mult_09_13,none,1.0,prms_rain_adj,#,13,1
rain_adj_mult_09_14,none,1.0,prms_rain_adj,#,14,1
rain_adj_mult_09_15,none,1.0,prms_rain_adj,#,15,1
rain_adj_mult_09_16,none,1.0,prms_rain_adj,#,16,1
rain_adj_mult_09_17,none,1.0,prms_rain_adj,#,17,1
rain_adj_mult_09_18,none,1.0,prms_rain_adj,#,18,1
rain_adj_mult_09_19,none,1.0,prms_rain_adj,#,19,1
rain_adj_mult_09_20,none,1.0,prms_rain_adj,#,20,1
rain_adj_mult_09_21,none,1.0,prms_rain_adj,#,21,1
rain_adj_mult_09_22,none,1.0,prms_rain_adj,#,22,1
rain_adj_mult_10_01,none,1.0,prms_rain_adj,#,1,1
rain_adj_mult_10_02,none,1.0,prms_rain_adj,#,2,1
rain_adj_mult_10_03,none,1.0,prms_rain_adj,#,3,1
rain_adj_mult_10_04,none,1.0,prms_rain_adj,#,4,1
rain_adj_mult_10_05,none,1.0,prms_rain_adj,#,5,1
rain_adj_mult_10_06,none,1.0,prms_rain_adj,#,6,1
rain_adj_mult_10_07,none,1.0,prms_rain_adj,#,7,1
rain_adj_mult_10_08,none,1.0,prms_rain_adj,#,8,1
rain_adj_mult_10_09,none,1.0,prms_rain_adj,#,9,1
rain_adj_mult_10_10,none,1.0,prms_rain_adj,#,10,1
rain_adj_mult_10_11,none,1.0,prms_rain_adj,#,11,1
rain_adj_mult_10_12,none,1.0,prms_rain_adj,#,12,1
rain_adj_mult_10_13,none,1.0,prms_rain_adj,#,13,1
rain_adj_mult_10_14,none,1.0,prms_rain_adj,#,14,1
rain_adj_mult_10_15,none,1.0,prms_rain_adj,#,15,1
rain_adj_mult_10_16,none,1.0,prms_rain_adj,#,16,1
rain_adj_mult_10_17,none,1.0,prms_rain_adj,#,17,1
rain_adj_mult_10_18,none,1.0,prms_rain_adj,#,18,1
rain_adj_mult_10_19,none,1.0,prms_rain_adj,#,19,1
rain_adj_mult_10_20,none,1.0,prms_rain_adj,#,20,1
rain_adj_mult_10_21,none,1.0,prms_rain_adj,#,21,1
rain_adj_mult_10_22,none,1.0,prms_rain_adj,#,22,1
rain_adj_mult_11_01,none,1.0,prms_rain_adj,#,1,1
rain_adj_mult_11_02,none,1.0,prms_rain_adj,#,2,1
rain_adj_mult_11_03,none,1.0,prms_rain_adj,#,3,1
rain_adj_mult_11_04,none,1.0,prms_rain_adj,#,4,1
rain_adj_mult_11_05,none,1.0,prms_rain_adj,#,5,1
rain_adj_mult_11_06,none,1.0,prms_rain_adj,#,6,1
rain_adj_mult_11_07,none,1.0,prms_rain_adj,#,7,1
rain_adj_mult_11_08,none,1.0,prms_rain_adj,#,8,1
rain_adj_mult_11_09,none,1.0,prms_rain_adj,#,9,1
rain_adj_mult_11_10,none,1.0,prms_rain_adj,#,10,1
rain_adj_mult_11_11,none,1.0,prms_rain_adj,#,11,1
rain_adj_mult_11_12,none,1.0,prms_rain_adj,#,12,1
rain_adj_mult_11_13,none,1.0,prms_rain_adj,#,13,1
rain_adj_mult_11_14,none,1.0,prms_rain_adj,#,14,1
rain_adj_mult_11_15,none,1.0,prms_rain_adj,#,15,1
rain_adj_mult_11_16,none,1.0,prms_rain_adj,#,16,1
rain_adj_mult_11_17,none,1.0,prms_rain_adj,#,17,1
rain_adj_mult_11_18,none,1.0,prms_rain_adj,#,18,1
rain_adj_mult_11_19,none,1.0,prms_rain_adj,#,19,1
rain_adj_mult_11_20,none,1.0,prms_rain_adj,#,20,1
rain_adj_mult_11_21,none,1.0,prms_rain_adj,#,21,1
rain_adj_mult_11_22,none,1.0,prms_rain_adj,#,22,1
rain_adj_mult_12_01,none,1.0,prms_rain_adj,#,1,1
rain_adj_mult_12_02,none,1.0,prms_rain_adj,#,2,1
rain_adj_mult_12_03,none,1.0,prms_rain_adj,#,3,1
rain_adj_mult_12_04,none,1.0,prms_rain_adj,#,4,1
rain_adj_mult_12_05,none,1.0,prms_rain_adj,#,5,1
rain_adj_mult_12_06,none,1.0,prms_rain_adj,#,6,1
rain_adj_mult_12_07,none,1.0,prms_rain_adj,#,7,1
rain_adj_mult_12_08,none,1.0,prms_rain_adj,#,8,1
rain_adj_mult_12_09,none,1.0,prms_rain_adj,#,9,1
rain_adj_mult_12_10,none,1.0,prms_rain_adj,#,10,1
rain_adj_mult_12_11,none,1.0,prms_rain_adj,#,11,1
rain_adj_mult_12_12,none,1.0,prms_rain_adj,#,12,1
rain_adj_mult_12_13,none,1.0,prms_rain_adj,#,13,1
rain_adj_mult_12_14,none,1.0,prms_rain_adj,#,14,1
rain_adj_mult_12_15,none,1.0,prms_rain_adj,#,15,1
rain_adj_mult_12_16,none,1.0,prms_rain_adj,#,16,1
rain_adj_mult_12_17,none,1.0,prms_rain_adj,#,17,1
rain_adj_mult_12_18,none,1.0,prms_rain_adj,#,18,1
rain_adj_mult_12_19,none,1.0,prms_rain_adj,#,19,1
rain_adj_mult_12_20,none,1.0,prms_rain_adj,#,20,1
rain_adj_mult_12_21,none,1.0,prms_rain_adj,#,21,1
rain_adj_mult_12_22,none,1.0,prms_rain_adj,#,22,1
s,none,0.308597,prms_smidx_exp,#,-999,1
sat_threshold_mult_01,none,1.0,prms_sat_threshold,#,1,1
sat_threshold_mult_02,none,1.0,prms_sat_threshold,#,2,1
sat_threshold_mult_03,none,1.0,prms_sat_threshold,#,3,1
sat_threshold_mult_04,none,1.0,prms_sat_threshold,#,4,1
sat_threshold_mult_05,none,1.0,prms_sat_threshold,#,5,1
sat_threshold_mult_06,none,1.0,prms_sat_threshold,#,6,1
sat_threshold_mult_07,none,1.0,prms_sat_threshold,#,7,1
sat_threshold_mult_08,none,1.0,prms_sat_threshold,#,8,1
sat_threshold_mult_09,none,1.0,prms_sat_threshold,#,9,1
sat_threshold_mult_10,none,1.0,prms_sat_threshold,#,10,1
sat_threshold_mult_11,none,1.0,prms_sat_threshold,#,11,1
sat_threshold_mult_12,none,1.0,prms_sat_threshold,#,12,1
sat_threshold_mult_13,none,1.0,prms_sat_threshold,#,13,1
sat_threshold_mult_14,none,1.0,prms_sat_threshold,#,14,1
sat_threshold_mult_15,none,1.0,prms_sat_threshold,#,15,1
sat_threshold_mult_16,none,1.0,prms_sat_threshold,#,16,1
sat_threshold_mult_17,none,1.0,prms_sat_threshold,#,17,1
sat_threshold_mult_18,none,1.0,prms_sat_threshold,#,18,1
sat_threshold_mult_19,none,1.0,prms_sat_threshold,#,19,1
sat_threshold_mult_20,none,1.0,prms_sat_threshold,#,20,1
sat_threshold_mult_21,none,1.0,prms_sat_threshold,#,21,1
sat_threshold_mult_22,none,1.0,prms_sat_threshold,#,22,1
sfr_k_01,none,0.002209795406088233,sfr_ks,#,1,1
sfr_k_02,none,0.05657234415411949,sfr_ks,#,2,1
sfr_k_03,none,0.01831740140914917,sfr_ks,#,3,1
sfr_k_04,none,0.0440811850130558,sfr_ks,#,4,1
sfr_k_05,none,1.7776544094085693,sfr_ks,#,5,1
sfr_k_06,none,1.4130491018295288,sfr_ks,#,6,1
sfr_k_07,none,0.9551485776901245,sfr_ks,#,7,1
sfr_k_08,none,1.5288785696029663,sfr_ks,#,8,1
sfr_k_09,none,0.002938556019216776,sfr_ks,#,9,1
sfr_k_10,none,0.10829101502895355,sfr_ks,#,10,1
sfr_k_11,none,14.185799598693848,sfr_ks,#,11,1
sfr_k_12,none,0.14289900660514832,sfr_ks,#,12,1
sfr_k_13,none,0.2901863753795624,sfr_ks,#,13,1
sfr_k_14,none,0.009564961306750774,sfr_ks,#,14,1
sfr_k_15,none,1.444629430770874,sfr_ks,#,15,1
sfr_k_16,none,0.038793712854385376,sfr_ks,#,16,1
sfr_k_17,none,0.02055889181792736,sfr_ks,#,17,1
sfr_k_18,none,6.159543991088867,sfr_ks,#,18,1
sfr_k_19,none,0.019752761349081993,sfr_ks,#,19,1
sfr_k_20,none,1.527968406677246,sfr_ks,#,20,1
sfr_k_21,none,0.2904846668243408,sfr_ks,#,21,1
sfr_k_22,none,0.17030763626098633,sfr_ks,#,22,1
slowcoef_lin_mult_01,none,1.0,prms_slowcoef_lin,#,1,1
slowcoef_lin_mult_02,none,1.0,prms_slowcoef_lin,#,2,1
slowcoef_lin_mult_03,none,1.0,prms_slowcoef_lin,#,3,1
slowcoef_lin_mult_04,none,1.0,prms_slowcoef_lin,#,4,1
slowcoef_lin_mult_05,none,1.0,prms_slowcoef_lin,#,5,1
slowcoef_lin_mult_06,none,1.0,prms_slowcoef_lin,#,6,1
slowcoef_lin_mult_07,none,1.0,prms_slowcoef_lin,#,7,1
slowcoef_lin_mult_08,none,1.0,prms_slowcoef_lin,#,8,1
slowcoef_lin_mult_09,none,1.0,prms_slowcoef_lin,#,9,1
slowcoef_lin_mult_10,none,1.0,prms_slowcoef_lin,#,10,1
slowcoef_lin_mult_11,none,1.0,prms_slowcoef_lin,#,11,1
slowcoef_lin_mult_12,none,1.0,prms_slowcoef_lin,#,12,1
slowcoef_lin_mult_13,none,1.0,prms_slowcoef_lin,#,13,1
slowcoef_lin_mult_14,none,1.0,prms_slowcoef_lin,#,14,1
slowcoef_lin_mult_15,none,1.0,prms_slowcoef_lin,#,15,1
slowcoef_lin_mult_16,none,1.0,prms_slowcoef_lin,#,16,1
slowcoef_lin_mult_17,none,1.0,prms_slowcoef_lin,#,17,1
slowcoef_lin_mult_18,none,1.0,prms_slowcoef_lin,#,18,1
slowcoef_lin_mult_19,none,1.0,prms_slowcoef_lin,#,19,1
slowcoef_lin_mult_20,none,1.0,prms_slowcoef_lin,#,20,1
slowcoef_lin_mult_21,none,1.0,prms_slowcoef_lin,#,21,1
slowcoef_lin_mult_22,none,1.0,prms_slowcoef_lin,#,22,1
slowcoef_sq_mult_01,none,1.0,prms_slowcoef_sq,#,1,1
slowcoef_sq_mult_02,none,1.0,prms_slowcoef_sq,#,2,1
slowcoef_sq_mult_03,none,1.0,prms_slowcoef_sq,#,3,1
slowcoef_sq_mult_04,none,1.0,prms_slowcoef_sq,#,4,1
slowcoef_sq_mult_05,none,1.0,prms_slowcoef_sq,#,5,1
slowcoef_sq_mult_06,none,1.0,prms_slowcoef_sq,#,6,1
slowcoef_sq_mult_07,none,1.0,prms_slowcoef_sq,#,7,1
slowcoef_sq_mult_08,none,1.0,prms_slowcoef_sq,#,8,1
slowcoef_sq_mult_09,none,1.0,prms_slowcoef_sq,#,9,1
slowcoef_sq_mult_10,none,1.0,prms_slowcoef_sq,#,10,1
slowcoef_sq_mult_11,none,1.0,prms_slowcoef_sq,#,11,1
slowcoef_sq_mult_12,none,1.0,prms_slowcoef_sq,#,12,1
slowcoef_sq_mult_13,none,1.0,prms_slowcoef_sq,#,13,1
slowcoef_sq_mult_14,none,1.0,prms_slowcoef_sq,#,14,1
slowcoef_sq_mult_15,none,1.0,prms_slowcoef_sq,#,15,1
slowcoef_sq_mult_16,none,1.0,prms_slowcoef_sq,#,16,1
slowcoef_sq_mult_17,none,1.0,prms_slowcoef_sq,#,17,1
slowcoef_sq_mult_18,none,1.0,prms_slowcoef_sq,#,18,1
slowcoef_sq_mult_19,none,1.0,prms_slowcoef_sq,#,19,1
slowcoef_sq_mult_20,none,1.0,prms_slowcoef_sq,#,20,1
slowcoef_sq_mult_21,none,1.0,prms_slowcoef_sq,#,21,1
slowcoef_sq_mult_22,none,1.0,prms_slowcoef_sq,#,22,1
smidx_coef_mult_01,none,1.0,prms_smidx_coef,#,1,1
smidx_coef_mult_02,none,1.0,prms_smidx_coef,#,2,1
smidx_coef_mult_03,none,1.0,prms_smidx_coef,#,3,1
smidx_coef_mult_04,none,1.0,prms_smidx_coef,#,4,1
smidx_coef_mult_05,none,1.0,prms_smidx_coef,#,5,1
smidx_coef_mult_06,none,1.0,prms_smidx_coef,#,6,1
smidx_coef_mult_07,none,1.0,prms_smidx_coef,#,7,1
smidx_coef_mult_08,none,1.0,prms_smidx_coef,#,8,1
smidx_coef_mult_09,none,1.0,prms_smidx_coef,#,9,1
smidx_coef_mult_10,none,1.0,prms_smidx_coef,#,10,1
smidx_coef_mult_11,none,1.0,prms_smidx_coef,#,11,1
smidx_coef_mult_12,none,1.0,prms_smidx_coef,#,12,1
smidx_coef_mult_13,none,1.0,prms_smidx_coef,#,13,1
smidx_coef_mult_14,none,1.0,prms_smidx_coef,#,14,1
smidx_coef_mult_15,none,1.0,prms_smidx_coef,#,15,1
smidx_coef_mult_16,none,1.0,prms_smidx_coef,#,16,1
smidx_coef_mult_17,none,1.0,prms_smidx_coef,#,17,1
smidx_coef_mult_18,none,1.0,prms_smidx_coef,#,18,1
smidx_coef_mult_19,none,1.0,prms_smidx_coef,#,19,1
smidx_coef_mult_20,none,1.0,prms_smidx_coef,#,20,1
smidx_coef_mult_21,none,1.0,prms_smidx_coef,#,21,1
smidx_coef_mult_22,none,1.0,prms_smidx_coef,#,22,1
soil_moist_max_mult_01,none,1.0,prms_soil_moist_max,#,1,1
soil_moist_max_mult_02,none,1.0,prms_soil_moist_max,#,2,1
soil_moist_max_mult_03,none,1.0,prms_soil_moist_max,#,3,1
soil_moist_max_mult_04,none,1.0,prms_soil_moist_max,#,4,1
soil_moist_max_mult_05,none,1.0,prms_soil_moist_max,#,5,1
soil_moist_max_mult_06,none,1.0,prms_soil_moist_max,#,6,1
soil_moist_max_mult_07,none,1.0,prms_soil_moist_max,#,7,1
soil_moist_max_mult_08,none,1.0,prms_soil_moist_max,#,8,1
soil_moist_max_mult_09,none,1.0,prms_soil_moist_max,#,9,1
soil_moist_max_mult_10,none,1.0,prms_soil_moist_max,#,10,1
soil_moist_max_mult_11,none,1.0,prms_soil_moist_max,#,11,1
soil_moist_max_mult_12,none,1.0,prms_soil_moist_max,#,12,1
soil_moist_max_mult_13,none,1.0,prms_soil_moist_max,#,13,1
soil_moist_max_mult_14,none,1.0,prms_soil_moist_max,#,14,1
soil_moist_max_mult_15,none,1.0,prms_soil_moist_max,#,15,1
soil_moist_max_mult_16,none,1.0,prms_soil_moist_max,#,16,1
soil_moist_max_mult_17,none,1.0,prms_soil_moist_max,#,17,1
soil_moist_max_mult_18,none,1.0,prms_soil_moist_max,#,18,1
soil_moist_max_mult_19,none,1.0,prms_soil_moist_max,#,19,1
soil_moist_max_mult_20,none,1.0,prms_soil_moist_max,#,20,1
soil_moist_max_mult_21,none,1.0,prms_soil_moist_max,#,21,1
soil_moist_max_mult_22,none,1.0,prms_soil_moist_max,#,22,1
soil_rechr_max_frac_mult_01,none,1.0,prms_soil_rechr_max_frac,#,1,1
soil_rechr_max_frac_mult_02,none,1.0,prms_soil_rechr_max_frac,#,2,1
soil_rechr_max_frac_mult_03,none,1.0,prms_soil_rechr_max_frac,#,3,1
soil_rechr_max_frac_mult_04,none,1.0,prms_soil_rechr_max_frac,#,4,1
soil_rechr_max_frac_mult_05,none,1.0,prms_soil_rechr_max_frac,#,5,1
soil_rechr_max_frac_mult_06,none,1.0,prms_soil_rechr_max_frac,#,6,1
soil_rechr_max_frac_mult_07,none,1.0,prms_soil_rechr_max_frac,#,7,1
soil_rechr_max_frac_mult_08,none,1.0,prms_soil_rechr_max_frac,#,8,1
soil_rechr_max_frac_mult_09,none,1.0,prms_soil_rechr_max_frac,#,9,1
soil_rechr_max_frac_mult_10,none,1.0,prms_soil_rechr_max_frac,#,10,1
soil_rechr_max_frac_mult_11,none,1.0,prms_soil_rechr_max_frac,#,11,1
soil_rechr_max_frac_mult_12,none,1.0,prms_soil_rechr_max_frac,#,12,1
soil_rechr_max_frac_mult_13,none,1.0,prms_soil_rechr_max_frac,#,13,1
soil_rechr_max_frac_mult_14,none,1.0,prms_soil_rechr_max_frac,#,14,1
soil_rechr_max_frac_mult_15,none,1.0,prms_soil_rechr_max_frac,#,15,1
soil_rechr_max_frac_mult_16,none,1.0,prms_soil_rechr_max_frac,#,16,1
soil_rechr_max_frac_mult_17,none,1.0,prms_soil_rechr_max_frac,#,17,1
soil_rechr_max_frac_mult_18,none,1.0,prms_soil_rechr_max_frac,#,18,1
soil_rechr_max_frac_mult_19,none,1.0,prms_soil_rechr_max_frac,#,19,1
soil_rechr_max_frac_mult_20,none,1.0,prms_soil_rechr_max_frac,#,20,1
soil_rechr_max_frac_mult_21,none,1.0,prms_soil_rechr_max_frac,#,21,1
soil_rechr_max_frac_mult_22,none,1.0,prms_soil_rechr_max_frac,#,22,1
ss_001,none,5.17999978910666e-06,upw_ss,111,1,1
ss_002,none,1.0000000656873453e-05,upw_ss,121,2,1
ss_003,none,1.0000001566368155e-05,upw_ss,131,3,1
ss_004,none,5.520000286196591e-06,upw_ss,141,4,1
ss_005,none,5.869997039553709e-05,upw_ss,151,5,1
ss_006,none,4.140001328778453e-05,upw_ss,161,6,1
ss_007,none,1.7200004549522419e-06,upw_ss,170,17,0
ss_008,none,7.260000074893469e-06,upw_ss,180,18,1
ss_009,none,6.549999511662463e-07,upw_ss,191,9,1
ss_010,none,2.170000152545981e-05,upw_ss,212,1,1
ss_011,none,4.829999852518085e-06,upw_ss,213,1,1
ss_012,none,6.940000275790226e-06,upw_ss,243,4,1
ss_013,none,3.010001455550082e-05,upw_ss,312,1,1
ss_014,none,1.9999999494757503e-05,upw_ss,313,1,1
ss_015,none,3.6899999145134643e-07,upw_ss,314,1,1
ss_016,none,1.0000000656873453e-05,upw_ss,322,2,1
ss_017,none,1.0000001566368155e-05,upw_ss,324,2,1
ss_018,none,1.0000000656873453e-05,upw_ss,332,3,1
ss_019,none,9.99999883788405e-06,upw_ss,333,3,1
ss_020,none,6.070000381441787e-06,upw_ss,342,4,1
ss_021,none,6.630000370932976e-06,upw_ss,343,4,1
ss_022,none,2.360000280532404e-06,upw_ss,344,4,1
ss_023,none,2.409999979136046e-06,upw_ss,352,5,1
ss_024,none,7.150002261369082e-07,upw_ss,353,5,1
ss_025,none,2.209999547631014e-05,upw_ss,354,5,1
ss_026,none,1.0899999551838846e-06,upw_ss,362,6,1
ss_027,none,3.899999865097925e-05,upw_ss,364,6,1
ss_028,none,6.900000357745739e-07,upw_ss,392,9,1
ss_029,none,2.7400001272326335e-05,upw_ss,394,9,1
ss_030,none,5.619999865302816e-05,upw_ss,415,1,1
ss_031,none,2.6699999580159783e-06,upw_ss,418,1,1
ss_032,none,9.999995199905243e-06,upw_ss,425,2,0
ss_033,none,1.0000002475862857e-05,upw_ss,435,3,1
ss_034,none,1.0000002475862857e-05,upw_ss,437,3,0
ss_035,none,5.32000012753997e-06,upw_ss,465,6,1
ss_036,none,5.790000159322517e-06,upw_ss,495,9,1
ss_037,none,5.270001111057354e-06,upw_ss,515,1,1
ss_038,none,1.3700000636163168e-05,upw_ss,518,1,1
ss_039,none,1.0000000656873453e-05,upw_ss,525,2,1
ss_040,none,1.0000000656873453e-05,upw_ss,528,2,1
ss_041,none,1.0000000656873453e-05,upw_ss,537,3,0
ss_042,none,9.999997018894646e-06,upw_ss,538,3,0
ss_043,none,1.6600002084032894e-07,upw_ss,548,5,1
ss_044,none,2.2900002250025864e-07,upw_ss,558,6,1
ss_045,none,4.340000032243552e-06,upw_ss,565,6,1
ss_046,none,6.099999609432416e-06,upw_ss,568,6,1
ss_047,none,3.3599964808672667e-05,upw_ss,578,7,0
ss_048,none,9.779996616998687e-07,upw_ss,588,8,0
ss_049,none,9.999999974752427e-07,upw_ss,595,9,1
ss_050,none,1.4299999406830466e-07,upw_ss,598,9,1
ss_051,none,4.9700000090524554e-05,upw_ss,615,1,1
ss_052,none,2.5699997422634624e-05,upw_ss,617,1,1
ss_053,none,1.8999999156221747e-05,upw_ss,618,1,1
ss_054,none,1.0000001566368155e-05,upw_ss,625,2,1
ss_055,none,9.999999747378752e-06,upw_ss,627,2,1
ss_056,none,9.999999747378752e-06,upw_ss,628,2,1
ss_057,none,9.999999747378752e-06,upw_ss,637,3,1
ss_058,none,1.3800000715491478e-06,upw_ss,645,4,0
ss_059,none,3.0800001695752144e-05,upw_ss,647,4,1
ss_060,none,2.550000090195681e-06,upw_ss,648,4,1
ss_061,none,5.98999622525298e-06,upw_ss,655,5,1
ss_062,none,5.259999511508795e-07,upw_ss,657,5,1
ss_063,none,2.8100001145503484e-05,upw_ss,658,5,1
ss_064,none,2.9200000426499173e-06,upw_ss,665,6,1
ss_065,none,9.999995199905243e-06,upw_ss,667,6,1
ss_066,none,1.7799999341150397e-06,upw_ss,668,6,1
ss_067,none,2.4100003429339267e-05,upw_ss,795,9,1
ss_068,none,9.17000022582215e-07,upw_ss,796,9,1
ss_069,none,3.880001031575375e-07,upw_ss,797,9,1
ss_070,none,2.8500001008069376e-06,upw_ss,798,9,1
ss_071,none,1.2799999922208372e-06,upw_ss,1010,1,1
ss_072,none,1.0000000656873453e-05,upw_ss,1020,2,1
ss_073,none,7.460002962034196e-06,upw_ss,1030,4,1
ss_074,none,5.479999799717916e-06,upw_ss,1040,4,1
ss_075,none,2.1499998581475666e-07,upw_ss,1050,5,1
ss_076,none,7.00000191500294e-06,upw_ss,1060,6,1
ss_077,none,3.229999720133492e-06,upw_ss,1070,7,0
ss_078,none,4.44999977844418e-06,upw_ss,1080,10,0
ss_079,none,8.230000275943894e-06,upw_ss,1090,10,1
ss_080,none,3.7800004065502435e-05,upw_ss,1101,10,1
ss_081,none,6.540001322719036e-06,upw_ss,1110,1,0
ss_082,none,1.4399998690350913e-05,upw_ss,1121,12,1
ss_083,none,1.1000000085914508e-05,upw_ss,1131,13,0
ss_084,none,1.6699997331670602e-06,upw_ss,1140,4,0
ss_085,none,6.250000410545908e-07,upw_ss,1150,5,1
ss_086,none,0.0001064000025507994,upw_ss,1160,6,1
ss_087,none,3.420000211917795e-05,upw_ss,1171,17,1
ss_088,none,1.720000000204891e-05,upw_ss,1181,18,1
ss_089,none,1.0099998689838685e-05,upw_ss,1190,9,0
ss_090,none,3.370000456470734e-07,upw_ss,1191,19,1
ss_091,none,5.160000000614673e-06,upw_ss,1211,21,1
ss_092,none,1.0000000656873453e-05,upw_ss,1220,2,0
ss_093,none,9.999997274690031e-08,upw_ss,1260,6,1
ss_094,none,8.920002983359154e-06,upw_ss,1290,9,1
ss_095,none,1.0000000656873453e-05,upw_ss,1320,2,0
ss_096,none,4.569999873638153e-05,upw_ss,1350,5,0
ss_097,none,4.990000434190733e-06,upw_ss,1360,6,1
ss_098,none,1.1299999869152089e-06,upw_ss,1370,7,0
ss_099,none,1.9099999917671084e-05,upw_ss,1380,8,0
ss_100,none,1.4200001714925747e-05,upw_ss,1410,1,1
ss_101,none,1.0000001566368155e-05,upw_ss,1420,2,1
ss_102,none,1.0000000656873453e-05,upw_ss,1430,3,1
ss_103,none,6.9299999267968815e-06,upw_ss,1440,4,1
ss_104,none,2.890001269406639e-07,upw_ss,1450,5,1
ss_105,none,1.069999910896513e-07,upw_ss,1460,6,1
ss_106,none,9.860000318440143e-07,upw_ss,1480,8,0
ss_107,none,1.9599997358454857e-06,upw_ss,1490,9,1
ss_108,none,2.140001379302703e-05,upw_ss,2112,11,1
ss_109,none,1.040000029206567e-06,upw_ss,2113,11,1
ss_110,none,7.52999767428264e-06,upw_ss,2122,12,1
ss_111,none,1.2900000001536682e-07,upw_ss,2123,12,1
ss_112,none,6.170002052385826e-06,upw_ss,2182,18,0
ss_113,none,4.270000033557153e-07,upw_ss,2183,18,1
ss_114,none,3.329999162815511e-05,upw_ss,3102,10,1
ss_115,none,1.11999986529554e-06,upw_ss,3103,10,1
ss_116,none,2.4700000267330324e-06,upw_ss,3104,10,1
ss_117,none,8.179999895219225e-07,upw_ss,3112,12,1
ss_118,none,1.1000002814398613e-05,upw_ss,3114,11,1
ss_119,none,1.2000000424450263e-05,upw_ss,3122,12,1
ss_120,none,1.5800000596755126e-07,upw_ss,3123,12,1
ss_121,none,1.1500001164677087e-05,upw_ss,3124,12,1
ss_122,none,8.099999831756577e-06,upw_ss,3142,14,1
ss_123,none,2.2000000171829015e-05,upw_ss,3152,15,1
ss_124,none,5.960000180493807e-06,upw_ss,3154,15,1
ss_125,none,1.4999999621068127e-05,upw_ss,3162,16,1
ss_126,none,1.7000003936118446e-05,upw_ss,3163,16,1
ss_127,none,1.4999998711573426e-05,upw_ss,3164,16,1
ss_128,none,7.979998918017372e-05,upw_ss,3172,17,1
ss_129,none,1.0099999599333387e-05,upw_ss,3173,17,0
ss_130,none,7.100000948412344e-05,upw_ss,3174,17,1
ss_131,none,7.480000476789428e-07,upw_ss,4125,12,0
ss_132,none,1.340000017080456e-05,upw_ss,4135,13,0
ss_133,none,4.900000203633681e-05,upw_ss,4175,17,0
ss_134,none,3.999999989900971e-06,upw_ss,4185,18,1
ss_135,none,7.049998771435639e-07,upw_ss,4195,21,1
ss_136,none,5.339999916031957e-06,upw_ss,4215,21,1
ss_137,none,3.0300000162242213e-06,upw_ss,5106,10,1
ss_138,none,6.080000730435131e-06,upw_ss,5108,10,1
ss_139,none,2.5000001642183634e-06,upw_ss,5115,11,1
ss_140,none,1.849999898695387e-05,upw_ss,5118,11,1
ss_141,none,2.1899999410379678e-05,upw_ss,5128,12,0
ss_142,none,1.950000068973168e-06,upw_ss,5145,14,1
ss_143,none,2.959999801532831e-05,upw_ss,5146,14,1
ss_144,none,2.470000254106708e-05,upw_ss,5147,14,1
ss_145,none,5.450000026030466e-05,upw_ss,5148,14,1
ss_146,none,7.789995834173169e-06,upw_ss,5158,15,0
ss_147,none,9.739997949509416e-06,upw_ss,5168,17,0
ss_148,none,2.3300003704207484e-06,upw_ss,5178,17,0
ss_149,none,2.660000063769985e-06,upw_ss,5185,18,0
ss_150,none,2.8399999791872688e-05,upw_ss,5188,18,1
ss_151,none,6.359999815686024e-07,upw_ss,5198,19,1
ss_152,none,1.5599998448578845e-07,upw_ss,5208,20,0
ss_153,none,5.149997741682455e-05,upw_ss,5218,21,1
ss_154,none,1.2599998626683373e-05,upw_ss,5228,22,0
ss_155,none,2.150000227629789e-06,upw_ss,7105,10,1
ss_156,none,1.0400000064691994e-05,upw_ss,7106,10,1
ss_157,none,1.2399998468026752e-06,upw_ss,7107,16,1
ss_158,none,3.9100003050407395e-05,upw_ss,7115,11,1
ss_159,none,2.619999861508404e-07,upw_ss,7125,12,1
ss_160,none,2.889999677790911e-06,upw_ss,7126,12,1
ss_161,none,7.67000256018946e-06,upw_ss,7127,16,1
ss_162,none,5.679999503627187e-06,upw_ss,7146,14,1
ss_163,none,7.950001418066677e-06,upw_ss,7155,15,1
ss_164,none,1.5600001006532693e-06,upw_ss,7156,15,1
ss_165,none,5.249999617262802e-07,upw_ss,7157,15,1
ss_166,none,1.4499998997052899e-06,upw_ss,7165,16,1
ss_167,none,4.5000000682193786e-05,upw_ss,7166,16,1
ss_168,none,1.7300000763498247e-05,upw_ss,7167,16,1
ss_169,none,1.1299999869152089e-06,upw_ss,7175,17,1
ss_170,none,5.840000085299835e-06,upw_ss,7176,17,1
ss_171,none,4.230002105032327e-06,upw_ss,7177,17,1
ss_172,none,2.9799998628732283e-06,upw_ss,8115,11,1
ss_173,none,2.3700002202531323e-05,upw_ss,8116,11,1
ss_174,none,3.070000093430281e-05,upw_ss,8118,11,0
ss_175,none,8.209999577957205e-06,upw_ss,8125,12,0
ss_176,none,4.419999640958849e-06,upw_ss,8126,12,1
ss_177,none,1.37999986691284e-05,upw_ss,8127,12,1
ss_178,none,4.7399998948094435e-07,upw_ss,9175,17,1
ss_179,none,1.549999950611891e-07,upw_ss,9177,17,1
ss_180,none,2.300000051036477e-05,upw_ss,9185,18,1
ss_181,none,3.629999628174119e-05,upw_ss,9187,18,0
ss_182,none,5.119999514135998e-06,upw_ss,9188,18,1
ss_183,none,1.3500000022759195e-05,upw_ss,9217,21,0
ss_184,none,4.05999890062958e-06,upw_ss,10100,10,1
ss_185,none,5.630000487144571e-06,upw_ss,10110,11,1
ss_186,none,3.349998587509617e-05,upw_ss,10120,12,1
ss_187,none,1.8099998442266951e-06,upw_ss,10140,14,0
ss_188,none,3.840000135824084e-05,upw_ss,10160,16,1
ss_189,none,4.09999665862415e-06,upw_ss,10170,17,0
ss_190,none,1.68999977177009e-05,upw_ss,10180,18,1
ss_191,none,1.000000082740371e-07,upw_ss,10190,19,0
ss_192,none,1.5099999473022763e-05,upw_ss,10200,21,0
ss_193,none,5.350000265025301e-07,upw_ss,10210,21,1
ss_194,none,2.2599999738304177e-06,upw_ss,10220,22,0
ss_195,none,1.8400000044493936e-05,upw_ss,11140,14,0
ss_196,none,1.579999889145256e-06,upw_ss,11160,16,0
ss_197,none,2.0399998902576044e-05,upw_ss,11180,18,1
ss_198,none,1.4199999895936344e-05,upw_ss,11190,19,1
ss_199,none,2.080000012938399e-05,upw_ss,11200,20,0
ss_200,none,2.890001269406639e-07,upw_ss,11210,21,1
ss_201,none,3.32000035996316e-06,upw_ss,11220,22,0
ss_202,none,8.519999028067105e-06,upw_ss,12100,10,1
ss_203,none,1.529999735794263e-07,upw_ss,12120,17,1
ss_204,none,3.3700001949910074e-05,upw_ss,12130,13,0
ss_205,none,1.1000000085914508e-05,upw_ss,12140,16,1
ss_206,none,2.0200000108161476e-06,upw_ss,12150,15,0
ss_207,none,2.819999644998461e-05,upw_ss,12160,16,1
ss_208,none,2.429998744446493e-07,upw_ss,12170,17,1
ss_209,none,8.65999663801631e-06,upw_ss,12180,18,1
ss_210,none,1.23999980132794e-05,upw_ss,12200,20,0
ss_211,none,9.999997274690031e-08,upw_ss,12210,21,1
ss_212,none,2.4599998141638935e-05,upw_ss,12220,22,0
ss_213,none,8.310000339406542e-06,upw_ss,13100,10,0
ss_214,none,1.3399999261309858e-05,upw_ss,13110,11,0
ss_215,none,2.889999677790911e-06,upw_ss,13120,12,1
ss_216,none,1.849999648584344e-06,upw_ss,13140,15,1
ss_217,none,3.60999874828849e-05,upw_ss,13150,15,0
ss_218,none,2.9200023732300906e-07,upw_ss,13160,16,1
ss_219,none,7.430000096064759e-06,upw_ss,13180,18,1
ss_220,none,3.389999847058789e-06,upw_ss,13200,20,0
ss_221,none,7.7700051406282e-06,upw_ss,13210,21,0
ss_222,none,2.0700001186924055e-05,upw_ss,13220,22,0
ss_223,none,1.3399998977092764e-07,upw_ss,14100,10,1
ss_224,none,1.2100000276404899e-05,upw_ss,14110,11,1
ss_225,none,3.140000262646936e-05,upw_ss,14120,12,1
ss_226,none,7.419999747071415e-05,upw_ss,14130,13,0
ss_227,none,2.390000008745119e-05,upw_ss,14140,14,1
ss_228,none,1.4300003385869786e-06,upw_ss,14150,15,1
ss_229,none,1.2900000001536682e-06,upw_ss,14160,17,1
ss_230,none,3.5299993328408164e-07,upw_ss,14170,17,1
ss_231,none,6.79999970998324e-07,upw_ss,14180,18,1
ss_232,none,7.300000106624793e-07,upw_ss,14190,19,1
ss_233,none,3.39999985499162e-07,upw_ss,14210,21,1
ss_371,none,1.3999998600411345e-06,upw_ss,1010,1,1
ss_372,none,1.0000000656873453e-05,upw_ss,1020,2,1
ss_373,none,1.1699999959091656e-05,upw_ss,1030,4,1
ss_374,none,6.14999919434922e-07,upw_ss,1040,4,1
ss_375,none,3.099999958067201e-05,upw_ss,1050,5,1
ss_376,none,1.2200000128359534e-05,upw_ss,1060,6,1
ss_377,none,2.3700002202531323e-05,upw_ss,1070,7,0
ss_378,none,5.9099975260323845e-06,upw_ss,1080,10,0
ss_379,none,2.150000182155054e-05,upw_ss,1090,10,1
ss_381,none,8.18000262370333e-06,upw_ss,1110,1,0
ss_384,none,1.0200000360782724e-05,upw_ss,1140,4,0
ss_385,none,1.4799997188674752e-05,upw_ss,1150,5,1
ss_386,none,1.06999996205559e-05,upw_ss,1160,6,1
ss_389,none,1.1099997436758713e-06,upw_ss,1190,9,0
ss_392,none,1.0000001566368155e-05,upw_ss,1220,2,0
ss_393,none,1.0599998176985537e-06,upw_ss,1260,6,1
ss_394,none,1.799999836293864e-06,upw_ss,1290,9,1
ss_395,none,1.0000000656873453e-05,upw_ss,1320,2,0
ss_396,none,7.709998612881463e-07,upw_ss,1350,5,0
ss_397,none,1.5999999050109182e-06,upw_ss,1360,6,1
ss_398,none,1.2100000503778574e-06,upw_ss,1370,7,0
ss_399,none,8.070000149018597e-06,upw_ss,1380,8,0
ss_400,none,2.56000039371429e-05,upw_ss,1410,1,1
ss_401,none,1.0000000656873453e-05,upw_ss,1420,2,1
ss_402,none,9.999999747378752e-06,upw_ss,1430,3,0
ss_403,none,1.1199998880329076e-05,upw_ss,1440,4,1
ss_404,none,3.969998942920938e-06,upw_ss,1450,5,1
ss_405,none,5.869999949936755e-05,upw_ss,1460,6,1
ss_406,none,4.55999997939216e-06,upw_ss,1480,8,0
ss_407,none,4.280000212020241e-06,upw_ss,1490,9,0
ss_484,none,4.13999987358693e-05,upw_ss,10100,10,1
ss_485,none,4.020000415039249e-05,upw_ss,10110,11,1
ss_486,none,2.0799998310394585e-05,upw_ss,10120,12,1
ss_487,none,4.810000064026099e-06,upw_ss,10140,14,0
ss_488,none,1.4300003385869786e-06,upw_ss,10160,16,0
ss_489,none,8.659998229632038e-07,upw_ss,10170,17,0
ss_490,none,1.160000010713702e-05,upw_ss,10180,18,1
ss_491,none,3.6699998418043833e-07,upw_ss,10190,19,0
ss_492,none,1.0899999551838846e-06,upw_ss,10200,21,0
ss_493,none,8.8400001914124e-06,upw_ss,10210,21,1
ss_494,none,7.899998877292091e-07,upw_ss,10220,22,0
ss_495,none,4.5300004103410174e-07,upw_ss,11140,14,0
ss_496,none,5.189999137655832e-05,upw_ss,11160,16,0
ss_497,none,3.6199999158270657e-06,upw_ss,11180,18,1
ss_498,none,0.00012160000915173441,upw_ss,11190,19,1
ss_499,none,4.120000085094944e-06,upw_ss,11200,20,0
ss_500,none,3.240001024096273e-05,upw_ss,11210,21,1
ss_501,none,4.410000656207558e-06,upw_ss,11220,22,0
ss_502,none,9.03000091057038e-06,upw_ss,12100,10,1
ss_503,none,6.9000002440589014e-06,upw_ss,12120,17,1
ss_504,none,7.01000146818842e-07,upw_ss,12130,13,0
ss_505,none,1.35000027512433e-06,upw_ss,12140,16,1
ss_506,none,1.9599995084718103e-06,upw_ss,12150,15,0
ss_507,none,3.5099975548291695e-07,upw_ss,12160,16,1
ss_508,none,3.829998604487628e-05,upw_ss,12170,17,0
ss_509,none,1.0099997638235436e-07,upw_ss,12180,18,1
ss_510,none,7.539997113781283e-06,upw_ss,12200,20,0
ss_511,none,4.73000000056345e-06,upw_ss,12210,21,1
ss_512,none,5.2099999265919905e-06,upw_ss,12220,22,0
ss_513,none,2.399999721092172e-05,upw_ss,13100,10,0
ss_514,none,2.3200002488010796e-06,upw_ss,13110,11,0
ss_515,none,3.949999518226832e-05,upw_ss,13120,12,0
ss_516,none,3.930000457330607e-05,upw_ss,13140,15,1
ss_517,none,2.929999027401209e-06,upw_ss,13150,15,0
ss_518,none,1.2800001059076749e-06,upw_ss,13160,16,0
ss_519,none,3.510001261020079e-05,upw_ss,13180,18,1
ss_520,none,7.380000170087442e-06,upw_ss,13200,20,0
ss_521,none,5.549997581510979e-07,upw_ss,13210,21,0
ss_522,none,4.1900008795892063e-07,upw_ss,13220,22,0
ss_523,none,2.709999762373627e-06,upw_ss,14100,10,1
ss_524,none,1.8500000805943273e-05,upw_ss,14110,11,0
ss_525,none,5.140000212122686e-07,upw_ss,14120,12,0
ss_530,none,3.769999921132694e-07,upw_ss,14170,17,0
ss_531,none,4.289999651518883e-06,upw_ss,14180,18,1
ss_533,none,6.910000138304895e-06,upw_ss,14210,21,1
ssr2gw_rate_mult,none,0.09376582010504232,prms_ssr2gw_rate,#,-999,1
surfdep,none,0.1992838,uzf_surfdep,#,-999,1
surfk_mult,none,0.001139333937317133,uzf_surfk,#,-999,1
sy_001,none,0.2046891152858734,upw_sy,111,1,1
sy_002,none,0.20000003278255463,upw_sy,121,2,1
sy_003,none,0.20000004768371582,upw_sy,131,3,1
sy_004,none,0.07063139230012894,upw_sy,141,4,1
sy_005,none,0.24903340637683868,upw_sy,151,5,1
sy_006,none,0.25,upw_sy,161,6,1
sy_007,none,0.06580972671508789,upw_sy,170,17,0
sy_008,none,0.09429766982793808,upw_sy,180,18,1
sy_009,none,0.25,upw_sy,191,9,1
sy_010,none,0.15223099291324615,upw_sy,212,1,1
sy_011,none,0.1379932016134262,upw_sy,213,1,1
sy_012,none,0.11974108964204788,upw_sy,243,4,1
sy_013,none,0.035179588943719864,upw_sy,312,1,1
sy_014,none,0.18423859775066376,upw_sy,313,1,1
sy_015,none,0.23853911459445953,upw_sy,314,1,1
sy_016,none,0.20000004768371582,upw_sy,322,2,1
sy_017,none,0.20000000298023224,upw_sy,324,2,1
sy_018,none,0.20000000298023224,upw_sy,332,3,1
sy_019,none,0.20000001788139343,upw_sy,333,3,1
sy_020,none,0.19018304347991943,upw_sy,342,4,1
sy_021,none,0.0582549050450325,upw_sy,343,4,1
sy_022,none,0.24261736869812012,upw_sy,344,4,1
sy_023,none,0.21594831347465515,upw_sy,352,5,1
sy_024,none,0.2022201269865036,upw_sy,353,5,1
sy_025,none,0.08774881809949875,upw_sy,354,5,1
sy_026,none,0.25,upw_sy,362,6,1
sy_027,none,0.24923710525035858,upw_sy,364,6,1
sy_028,none,0.25,upw_sy,392,9,1
sy_029,none,0.24278570711612701,upw_sy,394,9,1
sy_030,none,0.13802050054073334,upw_sy,415,1,1
sy_031,none,0.21307849884033203,upw_sy,418,1,1
sy_032,none,0.0599999874830246,upw_sy,425,2,0
sy_033,none,0.06163640320301056,upw_sy,435,3,1
sy_034,none,0.14836399257183075,upw_sy,437,3,0
sy_035,none,0.08345866948366165,upw_sy,465,6,1
sy_036,none,0.05393118038773537,upw_sy,495,9,1
sy_037,none,0.07326280325651169,upw_sy,515,1,1
sy_038,none,0.07447521388530731,upw_sy,518,1,1
sy_039,none,0.05999999865889549,upw_sy,525,2,1
sy_040,none,0.20000001788139343,upw_sy,528,2,1
sy_041,none,0.15000000596046448,upw_sy,537,3,0
sy_042,none,0.19999998807907104,upw_sy,538,3,0
sy_043,none,0.13655899465084076,upw_sy,548,5,1
sy_044,none,0.14405891299247742,upw_sy,558,6,1
sy_045,none,0.11846130341291428,upw_sy,565,6,1
sy_046,none,0.10562001168727875,upw_sy,568,6,1
sy_047,none,0.19886846840381622,upw_sy,578,7,0
sy_048,none,0.11225290596485138,upw_sy,588,8,0
sy_049,none,0.13003410398960114,upw_sy,595,9,1
sy_050,none,0.24345900118350983,upw_sy,598,9,1
sy_051,none,0.23829716444015503,upw_sy,615,1,1
sy_052,none,0.24861955642700195,upw_sy,617,1,1
sy_053,none,0.22949035465717316,upw_sy,618,1,1
sy_054,none,0.061935488134622574,upw_sy,625,2,1
sy_055,none,0.15003599226474762,upw_sy,627,2,1
sy_056,none,0.20000000298023224,upw_sy,628,2,1
sy_057,none,0.14999999105930328,upw_sy,637,3,1
sy_058,none,0.040193866938352585,upw_sy,645,4,0
sy_059,none,0.11068237572908401,upw_sy,647,4,1
sy_060,none,0.09135063737630844,upw_sy,648,4,1
sy_061,none,0.05866723507642746,upw_sy,655,5,1
sy_062,none,0.22641566395759583,upw_sy,657,5,1
sy_063,none,0.16994500160217285,upw_sy,658,5,1
sy_064,none,0.04546020179986954,upw_sy,665,6,1
sy_065,none,0.060236480087041855,upw_sy,667,6,1
sy_066,none,0.25,upw_sy,668,6,1
sy_067,none,0.1491772085428238,upw_sy,795,9,1
sy_068,none,0.13116078078746796,upw_sy,796,9,1
sy_069,none,0.13483783602714539,upw_sy,797,9,1
sy_070,none,0.15972597897052765,upw_sy,798,9,1
sy_071,none,0.24888363480567932,upw_sy,1010,1,1
sy_072,none,0.14000000059604645,upw_sy,1020,2,1
sy_073,none,0.10515288263559341,upw_sy,1030,4,1
sy_074,none,0.08131337910890579,upw_sy,1040,4,1
sy_075,none,0.030000001192092896,upw_sy,1050,5,1
sy_076,none,0.06700128316879272,upw_sy,1060,6,1
sy_077,none,0.1472606211900711,upw_sy,1070,7,0
sy_078,none,0.06147342920303345,upw_sy,1080,10,0
sy_079,none,0.25,upw_sy,1090,10,1
sy_080,none,0.21482042968273163,upw_sy,1101,10,1
sy_081,none,0.04004708305001259,upw_sy,1110,1,0
sy_082,none,0.11577200889587402,upw_sy,1121,12,1
sy_083,none,0.09948310256004333,upw_sy,1131,13,0
sy_084,none,0.03320581093430519,upw_sy,1140,4,0
sy_085,none,0.25,upw_sy,1150,5,1
sy_086,none,0.08929561823606491,upw_sy,1160,6,1
sy_087,none,0.10381900519132614,upw_sy,1171,17,1
sy_088,none,0.09413175284862518,upw_sy,1181,18,1
sy_089,none,0.1529960185289383,upw_sy,1190,9,0
sy_090,none,0.060805320739746094,upw_sy,1191,19,1
sy_091,none,0.20217463374137878,upw_sy,1211,21,1
sy_092,none,0.13999998569488525,upw_sy,1220,2,0
sy_093,none,0.05991470068693161,upw_sy,1260,6,1
sy_094,none,0.14229841530323029,upw_sy,1290,9,1
sy_095,none,0.14000000059604645,upw_sy,1320,2,0
sy_096,none,0.14344269037246704,upw_sy,1350,5,0
sy_097,none,0.032075729221105576,upw_sy,1360,6,1
sy_098,none,0.18049202859401703,upw_sy,1370,7,0
sy_099,none,0.0591958723962307,upw_sy,1380,8,0
sy_100,none,0.07490109652280807,upw_sy,1410,1,1
sy_101,none,0.14000000059604645,upw_sy,1420,2,1
sy_102,none,0.14000001549720764,upw_sy,1430,3,1
sy_103,none,0.05466294661164284,upw_sy,1440,4,1
sy_104,none,0.22906948626041412,upw_sy,1450,5,1
sy_105,none,0.19578121602535248,upw_sy,1460,6,1
sy_106,none,0.20401640236377716,upw_sy,1480,8,0
sy_107,none,0.21122144162654877,upw_sy,1490,9,1
sy_108,none,0.21740984916687012,upw_sy,2112,11,1
sy_109,none,0.1284061074256897,upw_sy,2113,11,1
sy_110,none,0.19140741229057312,upw_sy,2122,12,1
sy_111,none,0.11473630368709564,upw_sy,2123,12,1
sy_112,none,0.16747789084911346,upw_sy,2182,18,0
sy_113,none,0.2283463180065155,upw_sy,2183,18,1
sy_114,none,0.23961302638053894,upw_sy,3102,10,1
sy_115,none,0.24095308780670166,upw_sy,3103,10,1
sy_116,none,0.16801179945468903,upw_sy,3104,10,1
sy_117,none,0.23097163438796997,upw_sy,3112,12,1
sy_118,none,0.14316856861114502,upw_sy,3114,11,1
sy_119,none,0.21972112357616425,upw_sy,3122,12,1
sy_120,none,0.09131837636232376,upw_sy,3123,12,1
sy_121,none,0.08715694397687912,upw_sy,3124,12,1
sy_122,none,0.23347580432891846,upw_sy,3142,14,1
sy_123,none,0.24796350300312042,upw_sy,3152,15,1
sy_124,none,0.13039639592170715,upw_sy,3154,15,1
sy_125,none,0.13249321281909943,upw_sy,3162,16,1
sy_126,none,0.22341440618038177,upw_sy,3163,16,1
sy_127,none,0.05033652484416962,upw_sy,3164,16,1
sy_128,none,0.24952006340026855,upw_sy,3172,17,1
sy_129,none,0.25,upw_sy,3173,17,0
sy_130,none,0.1462876945734024,upw_sy,3174,17,1
sy_131,none,0.0774291530251503,upw_sy,4125,12,0
sy_132,none,0.25,upw_sy,4135,13,0
sy_133,none,0.05183812975883484,upw_sy,4175,17,0
sy_134,none,0.21818798780441284,upw_sy,4185,18,1
sy_135,none,0.1100253015756607,upw_sy,4195,21,1
sy_136,none,0.25,upw_sy,4215,21,1
sy_137,none,0.2498980015516281,upw_sy,5106,10,1
sy_138,none,0.17512096464633942,upw_sy,5108,10,1
sy_139,none,0.137913316488266,upw_sy,5115,11,1
sy_140,none,0.22908398509025574,upw_sy,5118,11,1
sy_141,none,0.03977124020457268,upw_sy,5128,12,0
sy_142,none,0.08845587819814682,upw_sy,5145,14,1
sy_143,none,0.07734131067991257,upw_sy,5146,14,1
sy_144,none,0.13366058468818665,upw_sy,5147,14,1
sy_145,none,0.0328100360929966,upw_sy,5148,14,1
sy_146,none,0.25,upw_sy,5158,15,0
sy_147,none,0.1546308994293213,upw_sy,5168,17,0
sy_148,none,0.09761215001344681,upw_sy,5178,17,0
sy_149,none,0.14705412089824677,upw_sy,5185,18,0
sy_150,none,0.10314469784498215,upw_sy,5188,18,1
sy_151,none,0.17976787686347961,upw_sy,5198,19,1
sy_152,none,0.029999999329447746,upw_sy,5208,20,0
sy_153,none,0.08337119966745377,upw_sy,5218,21,1
sy_154,none,0.14330878853797913,upw_sy,5228,22,0
sy_155,none,0.10278410464525223,upw_sy,7105,10,1
sy_156,none,0.24844269454479218,upw_sy,7106,10,1
sy_157,none,0.11999299377202988,upw_sy,7107,16,1
sy_158,none,0.24988088011741638,upw_sy,7115,11,1
sy_159,none,0.0744004026055336,upw_sy,7125,12,1
sy_160,none,0.10099391639232635,upw_sy,7126,12,1
sy_161,none,0.24812819063663483,upw_sy,7127,16,1
sy_162,none,0.037554387003183365,upw_sy,7146,14,1
sy_163,none,0.08606592565774918,upw_sy,7155,15,1
sy_164,none,0.07819006592035294,upw_sy,7156,15,1
sy_165,none,0.15543879568576813,upw_sy,7157,15,1
sy_166,none,0.12734808027744293,upw_sy,7165,16,1
sy_167,none,0.08217408508062363,upw_sy,7166,16,1
sy_168,none,0.08093767613172531,upw_sy,7167,16,1
sy_169,none,0.09903421998023987,upw_sy,7175,17,1
sy_170,none,0.06814192980527878,upw_sy,7176,17,1
sy_171,none,0.03993627429008484,upw_sy,7177,17,1
sy_172,none,0.11379140615463257,upw_sy,8115,11,1
sy_173,none,0.03559894114732742,upw_sy,8116,11,1
sy_174,none,0.17097580432891846,upw_sy,8118,11,0
sy_175,none,0.06035986170172691,upw_sy,8125,12,0
sy_176,none,0.15360750257968903,upw_sy,8126,12,1
sy_177,none,0.21846018731594086,upw_sy,8127,12,1
sy_178,none,0.036765631288290024,upw_sy,9175,17,1
sy_179,none,0.07699126750230789,upw_sy,9177,17,1
sy_180,none,0.04000994190573692,upw_sy,9185,18,1
sy_181,none,0.08179670572280884,upw_sy,9187,18,0
sy_182,none,0.17132419347763062,upw_sy,9188,18,1
sy_183,none,0.04705259948968887,upw_sy,9217,21,0
sy_184,none,0.04668854922056198,upw_sy,10100,10,1
sy_185,none,0.2286076694726944,upw_sy,10110,11,1
sy_186,none,0.2320316880941391,upw_sy,10120,12,1
sy_187,none,0.12756328284740448,upw_sy,10140,14,0
sy_188,none,0.05362856015563011,upw_sy,10160,16,1
sy_189,none,0.04530097916722298,upw_sy,10170,17,0
sy_190,none,0.1561720222234726,upw_sy,10180,18,1
sy_191,none,0.24953308701515198,upw_sy,10190,19,0
sy_192,none,0.22672031819820404,upw_sy,10200,21,0
sy_193,none,0.1028750017285347,upw_sy,10210,21,1
sy_194,none,0.06130560114979744,upw_sy,10220,22,0
sy_195,none,0.18964138627052307,upw_sy,11140,14,0
sy_196,none,0.10243400186300278,upw_sy,11160,16,0
sy_197,none,0.25,upw_sy,11180,18,1
sy_198,none,0.05763029307126999,upw_sy,11190,19,1
sy_199,none,0.25,upw_sy,11200,20,0
sy_200,none,0.10764002054929733,upw_sy,11210,21,1
sy_201,none,0.11629171669483185,upw_sy,11220,22,0
sy_202,none,0.029999997466802597,upw_sy,12100,10,1
sy_203,none,0.13054506480693817,upw_sy,12120,17,1
sy_204,none,0.030156798660755157,upw_sy,12130,13,0
sy_205,none,0.12412639707326889,upw_sy,12140,16,1
sy_206,none,0.09983764588832855,upw_sy,12150,15,0
sy_207,none,0.029999999329447746,upw_sy,12160,16,1
sy_208,none,0.11036878824234009,upw_sy,12170,17,1
sy_209,none,0.10003297030925751,upw_sy,12180,18,1
sy_210,none,0.21148690581321716,upw_sy,12200,20,0
sy_211,none,0.06418607383966446,upw_sy,12210,21,1
sy_212,none,0.05319279059767723,upw_sy,12220,22,0
sy_213,none,0.2451190948486328,upw_sy,13100,10,0
sy_214,none,0.10407140105962753,upw_sy,13110,11,0
sy_215,none,0.05996730923652649,upw_sy,13120,12,1
sy_216,none,0.15697550773620605,upw_sy,13140,15,1
sy_217,none,0.2300262302160263,upw_sy,13150,15,0
sy_218,none,0.25,upw_sy,13160,16,1
sy_219,none,0.030018959194421768,upw_sy,13180,18,1
sy_220,none,0.16382600367069244,upw_sy,13200,20,0
sy_221,none,0.06361162662506104,upw_sy,13210,21,0
sy_222,none,0.22823084890842438,upw_sy,13220,22,0
sy_223,none,0.0900203064084053,upw_sy,14100,10,1
sy_224,none,0.23348408937454224,upw_sy,14110,11,1
sy_225,none,0.05656050890684128,upw_sy,14120,12,1
sy_226,none,0.24986359477043152,upw_sy,14130,13,0
sy_227,none,0.11791069805622101,upw_sy,14140,14,1
sy_228,none,0.11179500818252563,upw_sy,14150,15,1
sy_229,none,0.24589109420776367,upw_sy,14160,17,1
sy_230,none,0.08473541587591171,upw_sy,14170,17,1
sy_231,none,0.09612800180912018,upw_sy,14180,18,1
sy_232,none,0.17990069091320038,upw_sy,14190,19,1
sy_233,none,0.24863538146018982,upw_sy,14210,21,1
sy_371,none,0.03001066856086254,upw_sy,1010,1,1
sy_372,none,0.06000000238418579,upw_sy,1020,2,1
sy_373,none,0.18963107466697693,upw_sy,1030,4,1
sy_374,none,0.09384120255708694,upw_sy,1040,4,1
sy_375,none,0.03015284053981304,upw_sy,1050,5,1
sy_376,none,0.23570199310779572,upw_sy,1060,6,1
sy_377,none,0.05813848227262497,upw_sy,1070,7,0
sy_378,none,0.24995654821395874,upw_sy,1080,10,0
sy_379,none,0.17157448828220367,upw_sy,1090,10,1
sy_381,none,0.053508855402469635,upw_sy,1110,1,0
sy_384,none,0.04898841679096222,upw_sy,1140,4,0
sy_385,none,0.12026908993721008,upw_sy,1150,5,1
sy_386,none,0.029999999329447746,upw_sy,1160,6,1
sy_389,none,0.1967230886220932,upw_sy,1190,9,0
sy_392,none,0.059999994933605194,upw_sy,1220,2,0
sy_393,none,0.13747598230838776,upw_sy,1260,6,1
sy_394,none,0.03797150030732155,upw_sy,1290,9,1
sy_395,none,0.059999994933605194,upw_sy,1320,2,0
sy_396,none,0.11323840171098709,upw_sy,1350,5,0
sy_397,none,0.07381213456392288,upw_sy,1360,6,1
sy_398,none,0.03798848018050194,upw_sy,1370,7,0
sy_399,none,0.07380753755569458,upw_sy,1380,8,0
sy_400,none,0.049970973283052444,upw_sy,1410,1,1
sy_401,none,0.05999999865889549,upw_sy,1420,2,1
sy_402,none,0.05999999865889549,upw_sy,1430,3,0
sy_403,none,0.24997352063655853,upw_sy,1440,4,1
sy_404,none,0.039148371666669846,upw_sy,1450,5,1
sy_405,none,0.07397810369729996,upw_sy,1460,6,1
sy_406,none,0.10793869942426682,upw_sy,1480,8,0
sy_407,none,0.21483199298381805,upw_sy,1490,9,0
sy_484,none,0.24779093265533447,upw_sy,10100,10,1
sy_485,none,0.12706999480724335,upw_sy,10110,11,1
sy_486,none,0.03700760379433632,upw_sy,10120,12,1
sy_487,none,0.19156469404697418,upw_sy,10140,14,0
sy_488,none,0.07648558169603348,upw_sy,10160,16,0
sy_489,none,0.25,upw_sy,10170,17,0
sy_490,none,0.04373868554830551,upw_sy,10180,18,1
sy_491,none,0.12981972098350525,upw_sy,10190,19,0
sy_492,none,0.029999999329447746,upw_sy,10200,21,0
sy_493,none,0.058905597776174545,upw_sy,10210,21,1
sy_494,none,0.1267080157995224,upw_sy,10220,22,0
sy_495,none,0.0515965037047863,upw_sy,11140,14,0
sy_496,none,0.0351540744304657,upw_sy,11160,16,0
sy_497,none,0.041603948920965195,upw_sy,11180,18,1
sy_498,none,0.24987106025218964,upw_sy,11190,19,1
sy_499,none,0.08268548548221588,upw_sy,11200,20,0
sy_500,none,0.07527082413434982,upw_sy,11210,21,1
sy_501,none,0.20103301107883453,upw_sy,11220,22,0
sy_502,none,0.09492755681276321,upw_sy,12100,10,1
sy_503,none,0.03331703692674637,upw_sy,12120,17,1
sy_504,none,0.06834207475185394,upw_sy,12130,13,0
sy_505,none,0.03378775343298912,upw_sy,12140,16,1
sy_506,none,0.25,upw_sy,12150,15,0
sy_507,none,0.03082740679383278,upw_sy,12160,16,1
sy_508,none,0.03385225683450699,upw_sy,12170,17,0
sy_509,none,0.045656535774469376,upw_sy,12180,18,1
sy_510,none,0.0804528146982193,upw_sy,12200,20,0
sy_511,none,0.04800558090209961,upw_sy,12210,21,1
sy_512,none,0.11775430291891098,upw_sy,12220,22,0
sy_513,none,0.08659712225198746,upw_sy,13100,10,0
sy_514,none,0.04322240129113197,upw_sy,13110,11,0
sy_515,none,0.16561979055404663,upw_sy,13120,12,0
sy_516,none,0.12212442606687546,upw_sy,13140,15,1
sy_517,none,0.056270137429237366,upw_sy,13150,15,0
sy_518,none,0.16798001527786255,upw_sy,13160,16,0
sy_519,none,0.06815311312675476,upw_sy,13180,18,1
sy_520,none,0.04869559034705162,upw_sy,13200,20,0
sy_521,none,0.030890651047229767,upw_sy,13210,21,0
sy_522,none,0.061496250331401825,upw_sy,13220,22,0
sy_523,none,0.25,upw_sy,14100,10,1
sy_524,none,0.0832214429974556,upw_sy,14110,11,0
sy_525,none,0.052211467176675797,upw_sy,14120,12,0
sy_530,none,0.06999670714139938,upw_sy,14170,17,0
sy_531,none,0.06787064671516418,upw_sy,14180,18,1
sy_533,none,0.17451989650726318,upw_sy,14210,21,1
vka_ratio_1,none,0.26506751775741577,upw_vka,14210,-999,1
vka_ratio_2,none,1.4404582977294922,upw_vka,14210,-999,1
vka_ratio_3,none,0.19837713241577148,upw_vka,14210,-999,1
vks_1_01,none,0.24833081662654877,uzf_vks,#,1,1
vks_1_02,none,1.1466199159622192,uzf_vks,#,2,1
vks_1_03,none,0.2508240044116974,uzf_vks,#,3,1
vks_1_04,none,0.06459309905767441,uzf_vks,#,4,1
vks_1_05,none,15.862030029296875,uzf_vks,#,5,1
vks_1_06,none,2.7057998180389404,uzf_vks,#,6,1
vks_1_08,none,0.015010680072009563,uzf_vks,#,8,1
vks_1_09,none,0.7450332641601562,uzf_vks,#,9,1
vks_1_10,none,0.012922798283398151,uzf_vks,#,10,1
vks_1_11,none,0.04503840580582619,uzf_vks,#,11,1
vks_1_12,none,60.189029693603516,uzf_vks,#,12,1
vks_1_13,none,0.35740721225738525,uzf_vks,#,13,1
vks_1_14,none,0.1877966821193695,uzf_vks,#,14,1
vks_1_15,none,2.9133996963500977,uzf_vks,#,15,1
vks_1_16,none,2.854743242263794,uzf_vks,#,16,1
vks_1_17,none,130.31568908691406,uzf_vks,#,17,1
vks_1_18,none,21.922700881958008,uzf_vks,#,18,1
vks_1_19,none,0.0006152159185148776,uzf_vks,#,19,1
vks_1_21,none,0.038145650178194046,uzf_vks,#,21,1
vks_2_01,none,0.0002938270044978708,uzf_vks,#,1,1
vks_2_02,none,0.2593050003051758,uzf_vks,#,2,1
vks_2_03,none,0.18108199536800385,uzf_vks,#,3,1
vks_2_04,none,3.5395102500915527,uzf_vks,#,4,1
vks_2_05,none,0.22430680692195892,uzf_vks,#,5,1
vks_2_06,none,0.00013068898988422006,uzf_vks,#,6,1
vks_2_07,none,0.13888390362262726,uzf_vks,#,7,1
vks_2_08,none,0.3615260124206543,uzf_vks,#,8,1
vks_2_09,none,0.29435595870018005,uzf_vks,#,9,1
vks_2_10,none,8.024222373962402,uzf_vks,#,10,1
vks_2_11,none,0.00994995329529047,uzf_vks,#,11,1
vks_2_12,none,17.63818359375,uzf_vks,#,12,1
vks_2_14,none,2.438493013381958,uzf_vks,#,14,1
vks_2_15,none,9.944807052612305,uzf_vks,#,15,1
vks_2_16,none,0.0009289550362154841,uzf_vks,#,16,1
vks_2_17,none,4.761135101318359,uzf_vks,#,17,1
vks_2_18,none,0.04868053272366524,uzf_vks,#,18,1
vks_2_19,none,0.28929588198661804,uzf_vks,#,19,1
vks_2_20,none,0.4322584271430969,uzf_vks,#,20,1
vks_2_21,none,2.120788812637329,uzf_vks,#,21,1
vks_2_22,none,1.5038059949874878,uzf_vks,#,22,1
vks_3_01,none,0.0032766482327133417,uzf_vks,#,1,1
vks_3_02,none,0.48000001907348633,uzf_vks,#,2,1
vks_3_03,none,0.47999992966651917,uzf_vks,#,3,1
vks_3_04,none,17.815767288208008,uzf_vks,#,4,1
vks_3_05,none,1.0736901760101318,uzf_vks,#,5,1
vks_3_06,none,0.3258740305900574,uzf_vks,#,6,1
vks_3_07,none,0.03255843371152878,uzf_vks,#,7,1
vks_3_08,none,1.3186100721359253,uzf_vks,#,8,1
vks_3_09,none,1.7481412887573242,uzf_vks,#,9,1
vks_3_10,none,5.910064220428467,uzf_vks,#,10,1
vks_3_11,none,1.7571150064468384,uzf_vks,#,11,1
vks_3_12,none,0.2771930396556854,uzf_vks,#,12,1
vks_3_13,none,3.578535318374634,uzf_vks,#,13,1
vks_3_14,none,0.12976980209350586,uzf_vks,#,14,1
vks_3_15,none,23.032400131225586,uzf_vks,#,15,1
vks_3_16,none,0.14917999505996704,uzf_vks,#,16,1
vks_3_17,none,1.6371136903762817,uzf_vks,#,17,1
vks_3_18,none,0.8934125304222107,uzf_vks,#,18,1
vks_3_19,none,0.7058166265487671,uzf_vks,#,19,1
vks_3_20,none,0.019561680033802986,uzf_vks,#,20,1
vks_3_21,none,0.22492779791355133,uzf_vks,#,21,1
vks_3_22,none,0.5499123334884644,uzf_vks,#,22,1
