parnme,partrans,parval1,pargp,comments
bhead_mult_1,none,1.0,ghb_bhead,#
bhead_mult_2,none,1.0,ghb_bhead,#
bhead_mult_3,none,1.0,ghb_bhead,#
bhead_mult_4,none,1.0,ghb_bhead,#
bhead_mult_5,none,1.0,ghb_bhead,#
bhead_mult_6,none,1.0,ghb_bhead,#
bhead_mult_7,none,1.0,ghb_bhead,#
extdp,none,1.0,uzf_extdp,#
jh_coef_mult_01_01,none,1.0,prms_jh_coef,#
jh_coef_mult_01_02,none,1.0,prms_jh_coef,#
jh_coef_mult_01_03,none,1.0,prms_jh_coef,#
jh_coef_mult_01_04,none,1.0,prms_jh_coef,#
jh_coef_mult_01_05,none,1.0,prms_jh_coef,#
jh_coef_mult_01_06,none,1.0,prms_jh_coef,#
jh_coef_mult_01_07,none,1.0,prms_jh_coef,#
jh_coef_mult_01_08,none,1.0,prms_jh_coef,#
jh_coef_mult_01_09,none,1.0,prms_jh_coef,#
jh_coef_mult_01_10,none,1.0,prms_jh_coef,#
jh_coef_mult_01_11,none,1.0,prms_jh_coef,#
jh_coef_mult_01_12,none,1.0,prms_jh_coef,#
jh_coef_mult_01_13,none,1.0,prms_jh_coef,#
jh_coef_mult_01_14,none,1.0,prms_jh_coef,#
jh_coef_mult_01_15,none,1.0,prms_jh_coef,#
jh_coef_mult_01_16,none,1.0,prms_jh_coef,#
jh_coef_mult_01_17,none,1.0,prms_jh_coef,#
jh_coef_mult_01_18,none,1.0,prms_jh_coef,#
jh_coef_mult_01_19,none,1.0,prms_jh_coef,#
jh_coef_mult_01_20,none,1.0,prms_jh_coef,#
jh_coef_mult_01_21,none,1.0,prms_jh_coef,#
jh_coef_mult_01_22,none,1.0,prms_jh_coef,#
jh_coef_mult_02_01,none,1.0,prms_jh_coef,#
jh_coef_mult_02_02,none,1.0,prms_jh_coef,#
jh_coef_mult_02_03,none,1.0,prms_jh_coef,#
jh_coef_mult_02_04,none,1.0,prms_jh_coef,#
jh_coef_mult_02_05,none,1.0,prms_jh_coef,#
jh_coef_mult_02_06,none,1.0,prms_jh_coef,#
jh_coef_mult_02_07,none,1.0,prms_jh_coef,#
jh_coef_mult_02_08,none,1.0,prms_jh_coef,#
jh_coef_mult_02_09,none,1.0,prms_jh_coef,#
jh_coef_mult_02_10,none,1.0,prms_jh_coef,#
jh_coef_mult_02_11,none,1.0,prms_jh_coef,#
jh_coef_mult_02_12,none,1.0,prms_jh_coef,#
jh_coef_mult_02_13,none,1.0,prms_jh_coef,#
jh_coef_mult_02_14,none,1.0,prms_jh_coef,#
jh_coef_mult_02_15,none,1.0,prms_jh_coef,#
jh_coef_mult_02_16,none,1.0,prms_jh_coef,#
jh_coef_mult_02_17,none,1.0,prms_jh_coef,#
jh_coef_mult_02_18,none,1.0,prms_jh_coef,#
jh_coef_mult_02_19,none,1.0,prms_jh_coef,#
jh_coef_mult_02_20,none,1.0,prms_jh_coef,#
jh_coef_mult_02_21,none,1.0,prms_jh_coef,#
jh_coef_mult_02_22,none,1.0,prms_jh_coef,#
jh_coef_mult_03_01,none,1.0,prms_jh_coef,#
jh_coef_mult_03_02,none,1.0,prms_jh_coef,#
jh_coef_mult_03_03,none,1.0,prms_jh_coef,#
jh_coef_mult_03_04,none,1.0,prms_jh_coef,#
jh_coef_mult_03_05,none,1.0,prms_jh_coef,#
jh_coef_mult_03_06,none,1.0,prms_jh_coef,#
jh_coef_mult_03_07,none,1.0,prms_jh_coef,#
jh_coef_mult_03_08,none,1.0,prms_jh_coef,#
jh_coef_mult_03_09,none,1.0,prms_jh_coef,#
jh_coef_mult_03_10,none,1.0,prms_jh_coef,#
jh_coef_mult_03_11,none,1.0,prms_jh_coef,#
jh_coef_mult_03_12,none,1.0,prms_jh_coef,#
jh_coef_mult_03_13,none,1.0,prms_jh_coef,#
jh_coef_mult_03_14,none,1.0,prms_jh_coef,#
jh_coef_mult_03_15,none,1.0,prms_jh_coef,#
jh_coef_mult_03_16,none,1.0,prms_jh_coef,#
jh_coef_mult_03_17,none,1.0,prms_jh_coef,#
jh_coef_mult_03_18,none,1.0,prms_jh_coef,#
jh_coef_mult_03_19,none,1.0,prms_jh_coef,#
jh_coef_mult_03_20,none,1.0,prms_jh_coef,#
jh_coef_mult_03_21,none,1.0,prms_jh_coef,#
jh_coef_mult_03_22,none,1.0,prms_jh_coef,#
jh_coef_mult_04_01,none,1.0,prms_jh_coef,#
jh_coef_mult_04_02,none,1.0,prms_jh_coef,#
jh_coef_mult_04_03,none,1.0,prms_jh_coef,#
jh_coef_mult_04_04,none,1.0,prms_jh_coef,#
jh_coef_mult_04_05,none,1.0,prms_jh_coef,#
jh_coef_mult_04_06,none,1.0,prms_jh_coef,#
jh_coef_mult_04_07,none,1.0,prms_jh_coef,#
jh_coef_mult_04_08,none,1.0,prms_jh_coef,#
jh_coef_mult_04_09,none,1.0,prms_jh_coef,#
jh_coef_mult_04_10,none,1.0,prms_jh_coef,#
jh_coef_mult_04_11,none,1.0,prms_jh_coef,#
jh_coef_mult_04_12,none,1.0,prms_jh_coef,#
jh_coef_mult_04_13,none,1.0,prms_jh_coef,#
jh_coef_mult_04_14,none,1.0,prms_jh_coef,#
jh_coef_mult_04_15,none,1.0,prms_jh_coef,#
jh_coef_mult_04_16,none,1.0,prms_jh_coef,#
jh_coef_mult_04_17,none,1.0,prms_jh_coef,#
jh_coef_mult_04_18,none,1.0,prms_jh_coef,#
jh_coef_mult_04_19,none,1.0,prms_jh_coef,#
jh_coef_mult_04_20,none,1.0,prms_jh_coef,#
jh_coef_mult_04_21,none,1.0,prms_jh_coef,#
jh_coef_mult_04_22,none,1.0,prms_jh_coef,#
jh_coef_mult_05_01,none,1.0,prms_jh_coef,#
jh_coef_mult_05_02,none,1.0,prms_jh_coef,#
jh_coef_mult_05_03,none,1.0,prms_jh_coef,#
jh_coef_mult_05_04,none,1.0,prms_jh_coef,#
jh_coef_mult_05_05,none,1.0,prms_jh_coef,#
jh_coef_mult_05_06,none,1.0,prms_jh_coef,#
jh_coef_mult_05_07,none,1.0,prms_jh_coef,#
jh_coef_mult_05_08,none,1.0,prms_jh_coef,#
jh_coef_mult_05_09,none,1.0,prms_jh_coef,#
jh_coef_mult_05_10,none,1.0,prms_jh_coef,#
jh_coef_mult_05_11,none,1.0,prms_jh_coef,#
jh_coef_mult_05_12,none,1.0,prms_jh_coef,#
jh_coef_mult_05_13,none,1.0,prms_jh_coef,#
jh_coef_mult_05_14,none,1.0,prms_jh_coef,#
jh_coef_mult_05_15,none,1.0,prms_jh_coef,#
jh_coef_mult_05_16,none,1.0,prms_jh_coef,#
jh_coef_mult_05_17,none,1.0,prms_jh_coef,#
jh_coef_mult_05_18,none,1.0,prms_jh_coef,#
jh_coef_mult_05_19,none,1.0,prms_jh_coef,#
jh_coef_mult_05_20,none,1.0,prms_jh_coef,#
jh_coef_mult_05_21,none,1.0,prms_jh_coef,#
jh_coef_mult_05_22,none,1.0,prms_jh_coef,#
jh_coef_mult_06_01,none,1.0,prms_jh_coef,#
jh_coef_mult_06_02,none,1.0,prms_jh_coef,#
jh_coef_mult_06_03,none,1.0,prms_jh_coef,#
jh_coef_mult_06_04,none,1.0,prms_jh_coef,#
jh_coef_mult_06_05,none,1.0,prms_jh_coef,#
jh_coef_mult_06_06,none,1.0,prms_jh_coef,#
jh_coef_mult_06_07,none,1.0,prms_jh_coef,#
jh_coef_mult_06_08,none,1.0,prms_jh_coef,#
jh_coef_mult_06_09,none,1.0,prms_jh_coef,#
jh_coef_mult_06_10,none,1.0,prms_jh_coef,#
jh_coef_mult_06_11,none,1.0,prms_jh_coef,#
jh_coef_mult_06_12,none,1.0,prms_jh_coef,#
jh_coef_mult_06_13,none,1.0,prms_jh_coef,#
jh_coef_mult_06_14,none,1.0,prms_jh_coef,#
jh_coef_mult_06_15,none,1.0,prms_jh_coef,#
jh_coef_mult_06_16,none,1.0,prms_jh_coef,#
jh_coef_mult_06_17,none,1.0,prms_jh_coef,#
jh_coef_mult_06_18,none,1.0,prms_jh_coef,#
jh_coef_mult_06_19,none,1.0,prms_jh_coef,#
jh_coef_mult_06_20,none,1.0,prms_jh_coef,#
jh_coef_mult_06_21,none,1.0,prms_jh_coef,#
jh_coef_mult_06_22,none,1.0,prms_jh_coef,#
jh_coef_mult_07_01,none,1.0,prms_jh_coef,#
jh_coef_mult_07_02,none,1.0,prms_jh_coef,#
jh_coef_mult_07_03,none,1.0,prms_jh_coef,#
jh_coef_mult_07_04,none,1.0,prms_jh_coef,#
jh_coef_mult_07_05,none,1.0,prms_jh_coef,#
jh_coef_mult_07_06,none,1.0,prms_jh_coef,#
jh_coef_mult_07_07,none,1.0,prms_jh_coef,#
jh_coef_mult_07_08,none,1.0,prms_jh_coef,#
jh_coef_mult_07_09,none,1.0,prms_jh_coef,#
jh_coef_mult_07_10,none,1.0,prms_jh_coef,#
jh_coef_mult_07_11,none,1.0,prms_jh_coef,#
jh_coef_mult_07_12,none,1.0,prms_jh_coef,#
jh_coef_mult_07_13,none,1.0,prms_jh_coef,#
jh_coef_mult_07_14,none,1.0,prms_jh_coef,#
jh_coef_mult_07_15,none,1.0,prms_jh_coef,#
jh_coef_mult_07_16,none,1.0,prms_jh_coef,#
jh_coef_mult_07_17,none,1.0,prms_jh_coef,#
jh_coef_mult_07_18,none,1.0,prms_jh_coef,#
jh_coef_mult_07_19,none,1.0,prms_jh_coef,#
jh_coef_mult_07_20,none,1.0,prms_jh_coef,#
jh_coef_mult_07_21,none,1.0,prms_jh_coef,#
jh_coef_mult_07_22,none,1.0,prms_jh_coef,#
jh_coef_mult_08_01,none,1.0,prms_jh_coef,#
jh_coef_mult_08_02,none,1.0,prms_jh_coef,#
jh_coef_mult_08_03,none,1.0,prms_jh_coef,#
jh_coef_mult_08_04,none,1.0,prms_jh_coef,#
jh_coef_mult_08_05,none,1.0,prms_jh_coef,#
jh_coef_mult_08_06,none,1.0,prms_jh_coef,#
jh_coef_mult_08_07,none,1.0,prms_jh_coef,#
jh_coef_mult_08_08,none,1.0,prms_jh_coef,#
jh_coef_mult_08_09,none,1.0,prms_jh_coef,#
jh_coef_mult_08_10,none,1.0,prms_jh_coef,#
jh_coef_mult_08_11,none,1.0,prms_jh_coef,#
jh_coef_mult_08_12,none,1.0,prms_jh_coef,#
jh_coef_mult_08_13,none,1.0,prms_jh_coef,#
jh_coef_mult_08_14,none,1.0,prms_jh_coef,#
jh_coef_mult_08_15,none,1.0,prms_jh_coef,#
jh_coef_mult_08_16,none,1.0,prms_jh_coef,#
jh_coef_mult_08_17,none,1.0,prms_jh_coef,#
jh_coef_mult_08_18,none,1.0,prms_jh_coef,#
jh_coef_mult_08_19,none,1.0,prms_jh_coef,#
jh_coef_mult_08_20,none,1.0,prms_jh_coef,#
jh_coef_mult_08_21,none,1.0,prms_jh_coef,#
jh_coef_mult_08_22,none,1.0,prms_jh_coef,#
jh_coef_mult_09_01,none,1.0,prms_jh_coef,#
jh_coef_mult_09_02,none,1.0,prms_jh_coef,#
jh_coef_mult_09_03,none,1.0,prms_jh_coef,#
jh_coef_mult_09_04,none,1.0,prms_jh_coef,#
jh_coef_mult_09_05,none,1.0,prms_jh_coef,#
jh_coef_mult_09_06,none,1.0,prms_jh_coef,#
jh_coef_mult_09_07,none,1.0,prms_jh_coef,#
jh_coef_mult_09_08,none,1.0,prms_jh_coef,#
jh_coef_mult_09_09,none,1.0,prms_jh_coef,#
jh_coef_mult_09_10,none,1.0,prms_jh_coef,#
jh_coef_mult_09_11,none,1.0,prms_jh_coef,#
jh_coef_mult_09_12,none,1.0,prms_jh_coef,#
jh_coef_mult_09_13,none,1.0,prms_jh_coef,#
jh_coef_mult_09_14,none,1.0,prms_jh_coef,#
jh_coef_mult_09_15,none,1.0,prms_jh_coef,#
jh_coef_mult_09_16,none,1.0,prms_jh_coef,#
jh_coef_mult_09_17,none,1.0,prms_jh_coef,#
jh_coef_mult_09_18,none,1.0,prms_jh_coef,#
jh_coef_mult_09_19,none,1.0,prms_jh_coef,#
jh_coef_mult_09_20,none,1.0,prms_jh_coef,#
jh_coef_mult_09_21,none,1.0,prms_jh_coef,#
jh_coef_mult_09_22,none,1.0,prms_jh_coef,#
jh_coef_mult_10_01,none,1.0,prms_jh_coef,#
jh_coef_mult_10_02,none,1.0,prms_jh_coef,#
jh_coef_mult_10_03,none,1.0,prms_jh_coef,#
jh_coef_mult_10_04,none,1.0,prms_jh_coef,#
jh_coef_mult_10_05,none,1.0,prms_jh_coef,#
jh_coef_mult_10_06,none,1.0,prms_jh_coef,#
jh_coef_mult_10_07,none,1.0,prms_jh_coef,#
jh_coef_mult_10_08,none,1.0,prms_jh_coef,#
jh_coef_mult_10_09,none,1.0,prms_jh_coef,#
jh_coef_mult_10_10,none,1.0,prms_jh_coef,#
jh_coef_mult_10_11,none,1.0,prms_jh_coef,#
jh_coef_mult_10_12,none,1.0,prms_jh_coef,#
jh_coef_mult_10_13,none,1.0,prms_jh_coef,#
jh_coef_mult_10_14,none,1.0,prms_jh_coef,#
jh_coef_mult_10_15,none,1.0,prms_jh_coef,#
jh_coef_mult_10_16,none,1.0,prms_jh_coef,#
jh_coef_mult_10_17,none,1.0,prms_jh_coef,#
jh_coef_mult_10_18,none,1.0,prms_jh_coef,#
jh_coef_mult_10_19,none,1.0,prms_jh_coef,#
jh_coef_mult_10_20,none,1.0,prms_jh_coef,#
jh_coef_mult_10_21,none,1.0,prms_jh_coef,#
jh_coef_mult_10_22,none,1.0,prms_jh_coef,#
jh_coef_mult_11_01,none,1.0,prms_jh_coef,#
jh_coef_mult_11_02,none,1.0,prms_jh_coef,#
jh_coef_mult_11_03,none,1.0,prms_jh_coef,#
jh_coef_mult_11_04,none,1.0,prms_jh_coef,#
jh_coef_mult_11_05,none,1.0,prms_jh_coef,#
jh_coef_mult_11_06,none,1.0,prms_jh_coef,#
jh_coef_mult_11_07,none,1.0,prms_jh_coef,#
jh_coef_mult_11_08,none,1.0,prms_jh_coef,#
jh_coef_mult_11_09,none,1.0,prms_jh_coef,#
jh_coef_mult_11_10,none,1.0,prms_jh_coef,#
jh_coef_mult_11_11,none,1.0,prms_jh_coef,#
jh_coef_mult_11_12,none,1.0,prms_jh_coef,#
jh_coef_mult_11_13,none,1.0,prms_jh_coef,#
jh_coef_mult_11_14,none,1.0,prms_jh_coef,#
jh_coef_mult_11_15,none,1.0,prms_jh_coef,#
jh_coef_mult_11_16,none,1.0,prms_jh_coef,#
jh_coef_mult_11_17,none,1.0,prms_jh_coef,#
jh_coef_mult_11_18,none,1.0,prms_jh_coef,#
jh_coef_mult_11_19,none,1.0,prms_jh_coef,#
jh_coef_mult_11_20,none,1.0,prms_jh_coef,#
jh_coef_mult_11_21,none,1.0,prms_jh_coef,#
jh_coef_mult_11_22,none,1.0,prms_jh_coef,#
jh_coef_mult_12_01,none,1.0,prms_jh_coef,#
jh_coef_mult_12_02,none,1.0,prms_jh_coef,#
jh_coef_mult_12_03,none,1.0,prms_jh_coef,#
jh_coef_mult_12_04,none,1.0,prms_jh_coef,#
jh_coef_mult_12_05,none,1.0,prms_jh_coef,#
jh_coef_mult_12_06,none,1.0,prms_jh_coef,#
jh_coef_mult_12_07,none,1.0,prms_jh_coef,#
jh_coef_mult_12_08,none,1.0,prms_jh_coef,#
jh_coef_mult_12_09,none,1.0,prms_jh_coef,#
jh_coef_mult_12_10,none,1.0,prms_jh_coef,#
jh_coef_mult_12_11,none,1.0,prms_jh_coef,#
jh_coef_mult_12_12,none,1.0,prms_jh_coef,#
jh_coef_mult_12_13,none,1.0,prms_jh_coef,#
jh_coef_mult_12_14,none,1.0,prms_jh_coef,#
jh_coef_mult_12_15,none,1.0,prms_jh_coef,#
jh_coef_mult_12_16,none,1.0,prms_jh_coef,#
jh_coef_mult_12_17,none,1.0,prms_jh_coef,#
jh_coef_mult_12_18,none,1.0,prms_jh_coef,#
jh_coef_mult_12_19,none,1.0,prms_jh_coef,#
jh_coef_mult_12_20,none,1.0,prms_jh_coef,#
jh_coef_mult_12_21,none,1.0,prms_jh_coef,#
jh_coef_mult_12_22,none,1.0,prms_jh_coef,#
ks_001,none,0.3594840168952942,upw_ks,111
ks_002,none,0.002115030074492097,upw_ks,121
ks_003,none,0.18260332942008972,upw_ks,131
ks_004,none,9.278852462768555,upw_ks,141
ks_005,none,75.0,upw_ks,151
ks_006,none,63.26459503173828,upw_ks,161
ks_007,none,2.4775686142675113e-06,upw_ks,170
ks_008,none,3.180000248903525e-06,upw_ks,180
ks_009,none,0.680839478969574,upw_ks,191
ks_010,none,0.297201007604599,upw_ks,212
ks_011,none,0.14777885377407074,upw_ks,213
ks_012,none,1.3751728534698486,upw_ks,243
ks_013,none,0.150907501578331,upw_ks,312
ks_014,none,0.6392145156860352,upw_ks,313
ks_015,none,0.10496030747890472,upw_ks,314
ks_016,none,44.260501861572266,upw_ks,322
ks_017,none,0.2667224109172821,upw_ks,324
ks_018,none,0.35656505823135376,upw_ks,332
ks_019,none,7.004654407501221,upw_ks,333
ks_020,none,0.1402307003736496,upw_ks,342
ks_021,none,0.1464092880487442,upw_ks,343
ks_022,none,0.10321079194545746,upw_ks,344
ks_023,none,72.46739959716797,upw_ks,352
ks_024,none,0.007663859985768795,upw_ks,353
ks_025,none,0.013385011814534664,upw_ks,354
ks_026,none,750.0,upw_ks,362
ks_027,none,0.018845098093152046,upw_ks,364
ks_028,none,0.040268849581480026,upw_ks,392
ks_029,none,0.3258180320262909,upw_ks,394
ks_030,none,1.5900000107649248e-06,upw_ks,415
ks_031,none,0.4094834625720978,upw_ks,418
ks_032,none,3.382350769243203e-05,upw_ks,425
ks_033,none,0.018312547355890274,upw_ks,435
ks_034,none,14.353047370910645,upw_ks,437
ks_035,none,2.929290167230647e-05,upw_ks,465
ks_036,none,0.00011811410513473675,upw_ks,495
ks_037,none,4.228140096529387e-05,upw_ks,515
ks_038,none,0.007532401941716671,upw_ks,518
ks_039,none,3.3958349376916885e-05,upw_ks,525
ks_040,none,0.19990205764770508,upw_ks,528
ks_041,none,0.40220099687576294,upw_ks,537
ks_042,none,0.36328503489494324,upw_ks,538
ks_043,none,0.011954479850828648,upw_ks,548
ks_044,none,0.04335029795765877,upw_ks,558
ks_045,none,0.5695425271987915,upw_ks,565
ks_046,none,0.007034818641841412,upw_ks,568
ks_047,none,1.005661964416504,upw_ks,578
ks_048,none,1.4521931409835815,upw_ks,588
ks_049,none,3.548249515006319e-05,upw_ks,595
ks_050,none,0.6578325629234314,upw_ks,598
ks_051,none,8.010000783542637e-06,upw_ks,615
ks_052,none,0.0007372802938334644,upw_ks,617
ks_053,none,0.7458000183105469,upw_ks,618
ks_054,none,0.00267690047621727,upw_ks,625
ks_055,none,0.7512682676315308,upw_ks,627
ks_056,none,10.85645866394043,upw_ks,628
ks_057,none,1.3422775268554688,upw_ks,637
ks_058,none,0.051063597202301025,upw_ks,645
ks_059,none,0.016507588326931,upw_ks,647
ks_060,none,0.7105094790458679,upw_ks,648
ks_061,none,0.004349775146692991,upw_ks,655
ks_062,none,0.03214555233716965,upw_ks,657
ks_063,none,1.904865026473999,upw_ks,658
ks_064,none,0.00011584468302316964,upw_ks,665
ks_065,none,0.00039561750600114465,upw_ks,667
ks_066,none,0.7830780148506165,upw_ks,668
ks_067,none,1.7891546487808228,upw_ks,795
ks_068,none,0.0017766297096386552,upw_ks,796
ks_069,none,0.11371159553527832,upw_ks,797
ks_070,none,0.5781539678573608,upw_ks,798
ks_071,none,6.693143859592965e-06,upw_ks,1010
ks_072,none,0.0002029563911492005,upw_ks,1020
ks_073,none,3.911168823833577e-05,upw_ks,1030
ks_074,none,2.5818166250246577e-05,upw_ks,1040
ks_075,none,3.223988187528448e-06,upw_ks,1050
ks_076,none,6.245391705306247e-05,upw_ks,1060
ks_077,none,2.8754597224178724e-05,upw_ks,1070
ks_078,none,3.7172369502513902e-06,upw_ks,1080
ks_079,none,3.3583035019546514e-06,upw_ks,1090
ks_080,none,67.43955993652344,upw_ks,1101
ks_081,none,3.2297866709996015e-05,upw_ks,1110
ks_082,none,75.0,upw_ks,1121
ks_083,none,1.01385498046875,upw_ks,1131
ks_084,none,3.730501339305192e-05,upw_ks,1140
ks_085,none,5.256855274637928e-06,upw_ks,1150
ks_086,none,3.776785160880536e-05,upw_ks,1160
ks_087,none,75.0,upw_ks,1171
ks_088,none,82.88043212890625,upw_ks,1181
ks_089,none,2.7996484277537093e-05,upw_ks,1190
ks_090,none,0.7989750504493713,upw_ks,1191
ks_091,none,2.2744576930999756,upw_ks,1211
ks_092,none,6.16552060819231e-05,upw_ks,1220
ks_093,none,14.373695373535156,upw_ks,1260
ks_094,none,2.8322767775534885e-06,upw_ks,1290
ks_095,none,3.809088229900226e-05,upw_ks,1320
ks_096,none,6.166141974972561e-05,upw_ks,1350
ks_097,none,6.519464932353003e-06,upw_ks,1360
ks_098,none,3.691860183607787e-05,upw_ks,1370
ks_099,none,3.1385970942210406e-05,upw_ks,1380
ks_100,none,6.284530536504462e-05,upw_ks,1410
ks_101,none,0.00015485764015465975,upw_ks,1420
ks_102,none,2.7388334274291992e-05,upw_ks,1430
ks_103,none,8.30398203106597e-05,upw_ks,1440
ks_104,none,2.906767349486472e-06,upw_ks,1450
ks_105,none,4.788561000168556e-06,upw_ks,1460
ks_106,none,5.06606993440073e-05,upw_ks,1480
ks_107,none,5.5754848290234804e-05,upw_ks,1490
ks_108,none,0.6664877533912659,upw_ks,2112
ks_109,none,1.0698851346969604,upw_ks,2113
ks_110,none,0.45473697781562805,upw_ks,2122
ks_111,none,1.0491342544555664,upw_ks,2123
ks_112,none,0.561968982219696,upw_ks,2182
ks_113,none,0.0048677693121135235,upw_ks,2183
ks_114,none,1.1904720067977905,upw_ks,3102
ks_115,none,1.0980799198150635,upw_ks,3103
ks_116,none,0.05473470315337181,upw_ks,3104
ks_117,none,1.99447500705719,upw_ks,3112
ks_118,none,0.28544700145721436,upw_ks,3114
ks_119,none,1.5870002508163452,upw_ks,3122
ks_120,none,0.013478728011250496,upw_ks,3123
ks_121,none,0.3349170386791229,upw_ks,3124
ks_122,none,27.706501007080078,upw_ks,3142
ks_123,none,0.8990421891212463,upw_ks,3152
ks_124,none,0.31999948620796204,upw_ks,3154
ks_125,none,11.763049125671387,upw_ks,3162
ks_126,none,75.0,upw_ks,3163
ks_127,none,0.121219202876091,upw_ks,3164
ks_128,none,0.8709511756896973,upw_ks,3172
ks_129,none,0.7184489369392395,upw_ks,3173
ks_130,none,0.5216802358627319,upw_ks,3174
ks_131,none,6.655546167166904e-05,upw_ks,4125
ks_132,none,8.406390406889841e-05,upw_ks,4135
ks_133,none,5.302335921442136e-05,upw_ks,4175
ks_134,none,0.13412348926067352,upw_ks,4185
ks_135,none,2.7102596504846588e-05,upw_ks,4195
ks_136,none,5.558788325288333e-05,upw_ks,4215
ks_137,none,0.0031591199804097414,upw_ks,5106
ks_138,none,1.055989384651184,upw_ks,5108
ks_139,none,3.986624506069347e-05,upw_ks,5115
ks_140,none,2.3714451789855957,upw_ks,5118
ks_141,none,4.5657001464860514e-05,upw_ks,5128
ks_142,none,3.267045030952431e-05,upw_ks,5145
ks_143,none,0.0013421160401776433,upw_ks,5146
ks_144,none,0.15857551991939545,upw_ks,5147
ks_145,none,4.3765435218811035,upw_ks,5148
ks_146,none,0.879361629486084,upw_ks,5158
ks_147,none,0.3476864993572235,upw_ks,5168
ks_148,none,0.9147241115570068,upw_ks,5178
ks_149,none,7.584060949739069e-05,upw_ks,5185
ks_150,none,1.0880801677703857,upw_ks,5188
ks_151,none,0.9474658966064453,upw_ks,5198
ks_152,none,0.022896600887179375,upw_ks,5208
ks_153,none,13.532280921936035,upw_ks,5218
ks_154,none,4.492791652679443,upw_ks,5228
ks_155,none,3.874905451084487e-05,upw_ks,7105
ks_156,none,0.03145807236433029,upw_ks,7106
ks_157,none,0.026759259402751923,upw_ks,7107
ks_158,none,0.14025354385375977,upw_ks,7115
ks_159,none,0.003876074915751815,upw_ks,7125
ks_160,none,0.4295886158943176,upw_ks,7126
ks_161,none,114.77528381347656,upw_ks,7127
ks_162,none,0.0329631008207798,upw_ks,7146
ks_163,none,0.01008072029799223,upw_ks,7155
ks_164,none,0.008563471026718616,upw_ks,7156
ks_165,none,1.6603126525878906,upw_ks,7157
ks_166,none,0.0023126699961721897,upw_ks,7165
ks_167,none,0.002795115113258362,upw_ks,7166
ks_168,none,0.00964263267815113,upw_ks,7167
ks_169,none,4.742984674521722e-05,upw_ks,7175
ks_170,none,0.003404458286240697,upw_ks,7176
ks_171,none,0.09147090464830399,upw_ks,7177
ks_172,none,0.0031265104189515114,upw_ks,8115
ks_173,none,0.0031344862654805183,upw_ks,8116
ks_174,none,0.8956366181373596,upw_ks,8118
ks_175,none,0.022474180907011032,upw_ks,8125
ks_176,none,0.0015872983494773507,upw_ks,8126
ks_177,none,0.17243248224258423,upw_ks,8127
ks_178,none,3.353520150994882e-05,upw_ks,9175
ks_179,none,0.053164057433605194,upw_ks,9177
ks_180,none,0.0001114999977289699,upw_ks,9185
ks_181,none,0.07677851617336273,upw_ks,9187
ks_182,none,0.8293469548225403,upw_ks,9188
ks_183,none,0.29145389795303345,upw_ks,9217
ks_184,none,0.0001293372770305723,upw_ks,10100
ks_185,none,2.7009291443391703e-05,upw_ks,10110
ks_186,none,2.9766672014375217e-05,upw_ks,10120
ks_187,none,0.00018151706899516284,upw_ks,10140
ks_188,none,0.00010545144323259592,upw_ks,10160
ks_189,none,3.547269443515688e-05,upw_ks,10170
ks_190,none,2.647686869750032e-06,upw_ks,10180
ks_191,none,3.748770177480765e-05,upw_ks,10190
ks_192,none,3.905456469510682e-05,upw_ks,10200
ks_193,none,0.001380364177748561,upw_ks,10210
ks_194,none,3.1142869829636766e-06,upw_ks,10220
ks_195,none,0.0002057318779407069,upw_ks,11140
ks_196,none,2.382575985393487e-06,upw_ks,11160
ks_197,none,2.1069230569992214e-05,upw_ks,11180
ks_198,none,0.0007221957203000784,upw_ks,11190
ks_199,none,3.831428330158815e-06,upw_ks,11200
ks_200,none,2.6702020932134474e-06,upw_ks,11210
ks_201,none,2.883090701288893e-06,upw_ks,11220
ks_202,none,3.363167343195528e-05,upw_ks,12100
ks_203,none,3.6468256439547986e-05,upw_ks,12120
ks_204,none,3.299969466752373e-05,upw_ks,12130
ks_205,none,3.123697024420835e-05,upw_ks,12140
ks_206,none,2.8340537028270774e-06,upw_ks,12150
ks_207,none,4.40277362940833e-05,upw_ks,12160
ks_208,none,5.1118418014084455e-06,upw_ks,12170
ks_209,none,9.20467427931726e-05,upw_ks,12180
ks_210,none,2.248291093565058e-05,upw_ks,12200
ks_211,none,2.207398028986063e-05,upw_ks,12210
ks_212,none,1.8882101358030923e-05,upw_ks,12220
ks_213,none,3.2448300771648064e-05,upw_ks,13100
ks_214,none,2.902285268646665e-05,upw_ks,13110
ks_215,none,4.288148193154484e-05,upw_ks,13120
ks_216,none,4.9148075049743056e-05,upw_ks,13140
ks_217,none,8.796346264716703e-06,upw_ks,13150
ks_218,none,1.3085069440421648e-05,upw_ks,13160
ks_219,none,2.8083499273634516e-05,upw_ks,13180
ks_220,none,3.0600607715314254e-05,upw_ks,13200
ks_221,none,8.123376028379425e-05,upw_ks,13210
ks_222,none,4.6982255298644304e-05,upw_ks,13220
ks_223,none,2.399909499217756e-05,upw_ks,14100
ks_224,none,2.4690090867807157e-05,upw_ks,14110
ks_225,none,2.777476311166538e-06,upw_ks,14120
ks_226,none,1.6785152183729224e-05,upw_ks,14130
ks_227,none,1.5275099940481596e-05,upw_ks,14140
ks_228,none,8.007754331629258e-06,upw_ks,14150
ks_229,none,0.0001370858954032883,upw_ks,14160
ks_230,none,1.7272727745876182e-06,upw_ks,14170
ks_231,none,1.9409862943575718e-05,upw_ks,14180
ks_232,none,8.002484537428245e-05,upw_ks,14190
ks_233,none,1.5052986782393418e-05,upw_ks,14210
ks_371,none,0.00013142825628165156,upw_ks,1010
ks_372,none,0.003988778684288263,upw_ks,1020
ks_373,none,0.0007610113825649023,upw_ks,1030
ks_374,none,0.0005025714635848999,upw_ks,1040
ks_375,none,6.282127287704498e-05,upw_ks,1050
ks_376,none,0.0012247659033164382,upw_ks,1060
ks_377,none,0.0005636786227114499,upw_ks,1070
ks_378,none,7.345021003857255e-05,upw_ks,1080
ks_379,none,6.584532820852473e-05,upw_ks,1090
ks_381,none,0.0006316257058642805,upw_ks,1110
ks_384,none,0.0007327107014134526,upw_ks,1140
ks_385,none,0.00010383717744844034,upw_ks,1150
ks_386,none,0.0007408935343846679,upw_ks,1160
ks_389,none,0.0005577507545240223,upw_ks,1190
ks_392,none,0.0012196350144222379,upw_ks,1220
ks_393,none,285.21405029296875,upw_ks,1260
ks_394,none,5.560154386330396e-05,upw_ks,1290
ks_395,none,0.0007302785525098443,upw_ks,1320
ks_396,none,0.0012332280166447163,upw_ks,1350
ks_397,none,0.00012864143354818225,upw_ks,1360
ks_398,none,0.0007270952919498086,upw_ks,1370
ks_399,none,0.0006271876627579331,upw_ks,1380
ks_400,none,0.0009253083262592554,upw_ks,1410
ks_401,none,0.0025797782000154257,upw_ks,1420
ks_402,none,0.0005062985001131892,upw_ks,1430
ks_403,none,0.001428642077371478,upw_ks,1440
ks_404,none,5.1663839258253574e-05,upw_ks,1450
ks_405,none,9.491146192885935e-05,upw_ks,1460
ks_406,none,0.0008105711895041168,upw_ks,1480
ks_407,none,0.0007907876861281693,upw_ks,1490
ks_484,none,0.002549617551267147,upw_ks,10100
ks_485,none,0.0005304610240273178,upw_ks,10110
ks_486,none,0.0006102168699726462,upw_ks,10120
ks_487,none,0.003587900660932064,upw_ks,10140
ks_488,none,0.0020681715104728937,upw_ks,10160
ks_489,none,0.0006963771302253008,upw_ks,10170
ks_490,none,0.0009350990294478834,upw_ks,10180
ks_491,none,0.013140619732439518,upw_ks,10190
ks_492,none,0.0007671209168620408,upw_ks,10200
ks_493,none,0.02734474092721939,upw_ks,10210
ks_494,none,6.120688340160996e-05,upw_ks,10220
ks_495,none,0.004006041679531336,upw_ks,11140
ks_496,none,4.620192339643836e-05,upw_ks,11160
ks_497,none,0.00042449813918210566,upw_ks,11180
ks_498,none,0.013942492194473743,upw_ks,11190
ks_499,none,7.517584890592843e-05,upw_ks,11200
ks_500,none,5.2273666369728744e-05,upw_ks,11210
ks_501,none,5.6235807278426364e-05,upw_ks,11220
ks_502,none,0.0006619702326133847,upw_ks,12100
ks_503,none,0.0007352790562435985,upw_ks,12120
ks_504,none,0.0006599941407330334,upw_ks,12130
ks_505,none,0.0006061804015189409,upw_ks,12140
ks_506,none,5.503211650648154e-05,upw_ks,12150
ks_507,none,0.0008885599090717733,upw_ks,12160
ks_508,none,0.00010278951231157407,upw_ks,12170
ks_509,none,0.04154287278652191,upw_ks,12180
ks_510,none,0.0004481523938011378,upw_ks,12200
ks_511,none,0.000430387444794178,upw_ks,12210
ks_512,none,0.00037010619416832924,upw_ks,12220
ks_513,none,0.0006489659426733851,upw_ks,13100
ks_514,none,0.0005679290043190122,upw_ks,13110
ks_515,none,0.0008753734291531146,upw_ks,13120
ks_516,none,0.0009671648731455207,upw_ks,13140
ks_517,none,0.00017260928871110082,upw_ks,13150
ks_518,none,0.00025096983881667256,upw_ks,13160
ks_519,none,0.0005616701091639698,upw_ks,13180
ks_520,none,0.0005945134325884283,upw_ks,13200
ks_521,none,0.0016178940422832966,upw_ks,13210
ks_522,none,0.0009324699640274048,upw_ks,13220
ks_523,none,0.0004425303777679801,upw_ks,14100
ks_524,none,0.00028692648629657924,upw_ks,14110
ks_525,none,6.915289122844115e-05,upw_ks,14120
ks_530,none,4.58269496448338e-05,upw_ks,14170
ks_531,none,0.00023496478388551623,upw_ks,14180
ks_533,none,0.00019848145893774927,upw_ks,14210
lak_cond_01,none,1.0,lak_cd,#
lak_cond_02,none,1.0,lak_cd,#
lak_cond_12,none,1.06949,lak_cd,#
sat_threshold_mult_01,none,1.0,prms_sat_threshold,#
sat_threshold_mult_02,none,1.0,prms_sat_threshold,#
sat_threshold_mult_03,none,1.0,prms_sat_threshold,#
sat_threshold_mult_04,none,1.0,prms_sat_threshold,#
sat_threshold_mult_05,none,1.0,prms_sat_threshold,#
sat_threshold_mult_06,none,1.0,prms_sat_threshold,#
sat_threshold_mult_07,none,1.0,prms_sat_threshold,#
sat_threshold_mult_08,none,1.0,prms_sat_threshold,#
sat_threshold_mult_09,none,1.0,prms_sat_threshold,#
sat_threshold_mult_10,none,1.0,prms_sat_threshold,#
sat_threshold_mult_11,none,1.0,prms_sat_threshold,#
sat_threshold_mult_12,none,1.0,prms_sat_threshold,#
sat_threshold_mult_13,none,1.0,prms_sat_threshold,#
sat_threshold_mult_14,none,1.0,prms_sat_threshold,#
sat_threshold_mult_15,none,1.0,prms_sat_threshold,#
sat_threshold_mult_16,none,1.0,prms_sat_threshold,#
sat_threshold_mult_17,none,1.0,prms_sat_threshold,#
sat_threshold_mult_18,none,1.0,prms_sat_threshold,#
sat_threshold_mult_19,none,1.0,prms_sat_threshold,#
sat_threshold_mult_20,none,1.0,prms_sat_threshold,#
sat_threshold_mult_21,none,1.0,prms_sat_threshold,#
sat_threshold_mult_22,none,1.0,prms_sat_threshold,#
sfr_k_01,none,0.02981739677488804,sfr_ks,#
sfr_k_02,none,0.08747769147157669,sfr_ks,#
sfr_k_03,none,0.08199426531791687,sfr_ks,#
sfr_k_04,none,0.02720629796385765,sfr_ks,#
sfr_k_05,none,0.36058804392814636,sfr_ks,#
sfr_k_06,none,0.9270239472389221,sfr_ks,#
sfr_k_07,none,0.25089895725250244,sfr_ks,#
sfr_k_08,none,0.3172909915447235,sfr_ks,#
sfr_k_09,none,0.16718602180480957,sfr_ks,#
sfr_k_10,none,0.1146170049905777,sfr_ks,#
sfr_k_11,none,0.22373798489570618,sfr_ks,#
sfr_k_12,none,1.159850001335144,sfr_ks,#
sfr_k_13,none,0.10310400277376175,sfr_ks,#
sfr_k_14,none,0.14594553411006927,sfr_ks,#
sfr_k_15,none,0.1147499829530716,sfr_ks,#
sfr_k_16,none,0.37834301590919495,sfr_ks,#
sfr_k_17,none,0.10511115938425064,sfr_ks,#
sfr_k_18,none,0.29756465554237366,sfr_ks,#
sfr_k_19,none,0.10631197690963745,sfr_ks,#
sfr_k_20,none,0.101577989757061,sfr_ks,#
sfr_k_21,none,0.14882300794124603,sfr_ks,#
sfr_k_22,none,0.11906411498785019,sfr_ks,#
slowcoef_lin_mult_01,none,1.0,prms_slowcoef_lin,#
slowcoef_lin_mult_02,none,1.0,prms_slowcoef_lin,#
slowcoef_lin_mult_03,none,1.0,prms_slowcoef_lin,#
slowcoef_lin_mult_04,none,1.0,prms_slowcoef_lin,#
slowcoef_lin_mult_05,none,1.0,prms_slowcoef_lin,#
slowcoef_lin_mult_06,none,1.0,prms_slowcoef_lin,#
slowcoef_lin_mult_07,none,1.0,prms_slowcoef_lin,#
slowcoef_lin_mult_08,none,1.0,prms_slowcoef_lin,#
slowcoef_lin_mult_09,none,1.0,prms_slowcoef_lin,#
slowcoef_lin_mult_10,none,1.0,prms_slowcoef_lin,#
slowcoef_lin_mult_11,none,1.0,prms_slowcoef_lin,#
slowcoef_lin_mult_12,none,1.0,prms_slowcoef_lin,#
slowcoef_lin_mult_13,none,1.0,prms_slowcoef_lin,#
slowcoef_lin_mult_14,none,1.0,prms_slowcoef_lin,#
slowcoef_lin_mult_15,none,1.0,prms_slowcoef_lin,#
slowcoef_lin_mult_16,none,1.0,prms_slowcoef_lin,#
slowcoef_lin_mult_17,none,1.0,prms_slowcoef_lin,#
slowcoef_lin_mult_18,none,1.0,prms_slowcoef_lin,#
slowcoef_lin_mult_19,none,1.0,prms_slowcoef_lin,#
slowcoef_lin_mult_20,none,1.0,prms_slowcoef_lin,#
slowcoef_lin_mult_21,none,1.0,prms_slowcoef_lin,#
slowcoef_lin_mult_22,none,1.0,prms_slowcoef_lin,#
slowcoef_sq_mult_01,none,1.0,prms_slowcoef_sq,#
slowcoef_sq_mult_02,none,1.0,prms_slowcoef_sq,#
slowcoef_sq_mult_03,none,1.0,prms_slowcoef_sq,#
slowcoef_sq_mult_04,none,1.0,prms_slowcoef_sq,#
slowcoef_sq_mult_05,none,1.0,prms_slowcoef_sq,#
slowcoef_sq_mult_06,none,1.0,prms_slowcoef_sq,#
slowcoef_sq_mult_07,none,1.0,prms_slowcoef_sq,#
slowcoef_sq_mult_08,none,1.0,prms_slowcoef_sq,#
slowcoef_sq_mult_09,none,1.0,prms_slowcoef_sq,#
slowcoef_sq_mult_10,none,1.0,prms_slowcoef_sq,#
slowcoef_sq_mult_11,none,1.0,prms_slowcoef_sq,#
slowcoef_sq_mult_12,none,1.0,prms_slowcoef_sq,#
slowcoef_sq_mult_13,none,1.0,prms_slowcoef_sq,#
slowcoef_sq_mult_14,none,1.0,prms_slowcoef_sq,#
slowcoef_sq_mult_15,none,1.0,prms_slowcoef_sq,#
slowcoef_sq_mult_16,none,1.0,prms_slowcoef_sq,#
slowcoef_sq_mult_17,none,1.0,prms_slowcoef_sq,#
slowcoef_sq_mult_18,none,1.0,prms_slowcoef_sq,#
slowcoef_sq_mult_19,none,1.0,prms_slowcoef_sq,#
slowcoef_sq_mult_20,none,1.0,prms_slowcoef_sq,#
slowcoef_sq_mult_21,none,1.0,prms_slowcoef_sq,#
slowcoef_sq_mult_22,none,1.0,prms_slowcoef_sq,#
soil_moist_max_mult_01,none,1.0,prms_soil_moist_max,#
soil_moist_max_mult_02,none,1.0,prms_soil_moist_max,#
soil_moist_max_mult_03,none,1.0,prms_soil_moist_max,#
soil_moist_max_mult_04,none,1.0,prms_soil_moist_max,#
soil_moist_max_mult_05,none,1.0,prms_soil_moist_max,#
soil_moist_max_mult_06,none,1.0,prms_soil_moist_max,#
soil_moist_max_mult_07,none,1.0,prms_soil_moist_max,#
soil_moist_max_mult_08,none,1.0,prms_soil_moist_max,#
soil_moist_max_mult_09,none,1.0,prms_soil_moist_max,#
soil_moist_max_mult_10,none,1.0,prms_soil_moist_max,#
soil_moist_max_mult_11,none,1.0,prms_soil_moist_max,#
soil_moist_max_mult_12,none,1.0,prms_soil_moist_max,#
soil_moist_max_mult_13,none,1.0,prms_soil_moist_max,#
soil_moist_max_mult_14,none,1.0,prms_soil_moist_max,#
soil_moist_max_mult_15,none,1.0,prms_soil_moist_max,#
soil_moist_max_mult_16,none,1.0,prms_soil_moist_max,#
soil_moist_max_mult_17,none,1.0,prms_soil_moist_max,#
soil_moist_max_mult_18,none,1.0,prms_soil_moist_max,#
soil_moist_max_mult_19,none,1.0,prms_soil_moist_max,#
soil_moist_max_mult_20,none,1.0,prms_soil_moist_max,#
soil_moist_max_mult_21,none,1.0,prms_soil_moist_max,#
soil_moist_max_mult_22,none,1.0,prms_soil_moist_max,#
soil_rechr_max_frac_mult_01,none,1.0,prms_soil_rechr_max_frac,#
soil_rechr_max_frac_mult_02,none,1.0,prms_soil_rechr_max_frac,#
soil_rechr_max_frac_mult_03,none,1.0,prms_soil_rechr_max_frac,#
soil_rechr_max_frac_mult_04,none,1.0,prms_soil_rechr_max_frac,#
soil_rechr_max_frac_mult_05,none,1.0,prms_soil_rechr_max_frac,#
soil_rechr_max_frac_mult_06,none,1.0,prms_soil_rechr_max_frac,#
soil_rechr_max_frac_mult_07,none,1.0,prms_soil_rechr_max_frac,#
soil_rechr_max_frac_mult_08,none,1.0,prms_soil_rechr_max_frac,#
soil_rechr_max_frac_mult_09,none,1.0,prms_soil_rechr_max_frac,#
soil_rechr_max_frac_mult_10,none,1.0,prms_soil_rechr_max_frac,#
soil_rechr_max_frac_mult_11,none,1.0,prms_soil_rechr_max_frac,#
soil_rechr_max_frac_mult_12,none,1.0,prms_soil_rechr_max_frac,#
soil_rechr_max_frac_mult_13,none,1.0,prms_soil_rechr_max_frac,#
soil_rechr_max_frac_mult_14,none,1.0,prms_soil_rechr_max_frac,#
soil_rechr_max_frac_mult_15,none,1.0,prms_soil_rechr_max_frac,#
soil_rechr_max_frac_mult_16,none,1.0,prms_soil_rechr_max_frac,#
soil_rechr_max_frac_mult_17,none,1.0,prms_soil_rechr_max_frac,#
soil_rechr_max_frac_mult_18,none,1.0,prms_soil_rechr_max_frac,#
soil_rechr_max_frac_mult_19,none,1.0,prms_soil_rechr_max_frac,#
soil_rechr_max_frac_mult_20,none,1.0,prms_soil_rechr_max_frac,#
soil_rechr_max_frac_mult_21,none,1.0,prms_soil_rechr_max_frac,#
soil_rechr_max_frac_mult_22,none,1.0,prms_soil_rechr_max_frac,#
ss_001,none,1.0000000656873453e-05,upw_ss,111
ss_002,none,1.0000000656873453e-05,upw_ss,121
ss_003,none,1.0000001566368155e-05,upw_ss,131
ss_004,none,9.99999883788405e-06,upw_ss,141
ss_005,none,9.99999883788405e-06,upw_ss,151
ss_006,none,1.0000001566368155e-05,upw_ss,161
ss_007,none,9.99999883788405e-06,upw_ss,170
ss_008,none,1.0000000656873453e-05,upw_ss,180
ss_009,none,1.0000000656873453e-05,upw_ss,191
ss_010,none,9.99999883788405e-06,upw_ss,212
ss_011,none,1.0000000656873453e-05,upw_ss,213
ss_012,none,9.99999883788405e-06,upw_ss,243
ss_013,none,1.0000001566368155e-05,upw_ss,312
ss_014,none,9.999999747378752e-06,upw_ss,313
ss_015,none,1.0000000656873453e-05,upw_ss,314
ss_016,none,1.0000000656873453e-05,upw_ss,322
ss_017,none,1.0000001566368155e-05,upw_ss,324
ss_018,none,1.0000000656873453e-05,upw_ss,332
ss_019,none,9.99999883788405e-06,upw_ss,333
ss_020,none,1.0000001566368155e-05,upw_ss,342
ss_021,none,9.99999883788405e-06,upw_ss,343
ss_022,none,1.0000000656873453e-05,upw_ss,344
ss_023,none,9.999999747378752e-06,upw_ss,352
ss_024,none,1.0000000656873453e-05,upw_ss,353
ss_025,none,1.0000000656873453e-05,upw_ss,354
ss_026,none,1.0000000656873453e-05,upw_ss,362
ss_027,none,9.99999883788405e-06,upw_ss,364
ss_028,none,9.999999747378752e-06,upw_ss,392
ss_029,none,9.999999747378752e-06,upw_ss,394
ss_030,none,9.99999883788405e-06,upw_ss,415
ss_031,none,9.999999747378752e-06,upw_ss,418
ss_032,none,9.999997928389348e-06,upw_ss,425
ss_033,none,1.0000002475862857e-05,upw_ss,435
ss_034,none,1.0000002475862857e-05,upw_ss,437
ss_035,none,1.0000000656873453e-05,upw_ss,465
ss_036,none,1.0000000656873453e-05,upw_ss,495
ss_037,none,1.0000000656873453e-05,upw_ss,515
ss_038,none,1.0000000656873453e-05,upw_ss,518
ss_039,none,1.0000000656873453e-05,upw_ss,525
ss_040,none,1.0000000656873453e-05,upw_ss,528
ss_041,none,1.0000000656873453e-05,upw_ss,537
ss_042,none,9.99999883788405e-06,upw_ss,538
ss_043,none,9.999999747378752e-06,upw_ss,548
ss_044,none,1.0000000656873453e-05,upw_ss,558
ss_045,none,9.99999883788405e-06,upw_ss,565
ss_046,none,1.0000001566368155e-05,upw_ss,568
ss_047,none,9.999999747378752e-06,upw_ss,578
ss_048,none,1.0000000656873453e-05,upw_ss,588
ss_049,none,1.0000000656873453e-05,upw_ss,595
ss_050,none,1.0000000656873453e-05,upw_ss,598
ss_051,none,1.0000001566368155e-05,upw_ss,615
ss_052,none,1.0000000656873453e-05,upw_ss,617
ss_053,none,1.0000001566368155e-05,upw_ss,618
ss_054,none,1.0000001566368155e-05,upw_ss,625
ss_055,none,9.999999747378752e-06,upw_ss,627
ss_056,none,9.999999747378752e-06,upw_ss,628
ss_057,none,9.999999747378752e-06,upw_ss,637
ss_058,none,1.0000000656873453e-05,upw_ss,645
ss_059,none,1.0000001566368155e-05,upw_ss,647
ss_060,none,9.999999747378752e-06,upw_ss,648
ss_061,none,9.99999883788405e-06,upw_ss,655
ss_062,none,1.0000000656873453e-05,upw_ss,657
ss_063,none,9.999999747378752e-06,upw_ss,658
ss_064,none,1.0000000656873453e-05,upw_ss,665
ss_065,none,9.999997928389348e-06,upw_ss,667
ss_066,none,9.999999747378752e-06,upw_ss,668
ss_067,none,9.99999883788405e-06,upw_ss,795
ss_068,none,9.999997928389348e-06,upw_ss,796
ss_069,none,1.0000001566368155e-05,upw_ss,797
ss_070,none,9.999999747378752e-06,upw_ss,798
ss_071,none,1.0000000656873453e-05,upw_ss,1010
ss_072,none,1.0000000656873453e-05,upw_ss,1020
ss_073,none,9.999999747378752e-06,upw_ss,1030
ss_074,none,1.0000000656873453e-05,upw_ss,1040
ss_075,none,1.0000000656873453e-05,upw_ss,1050
ss_076,none,1.0000000656873453e-05,upw_ss,1060
ss_077,none,9.999999747378752e-06,upw_ss,1070
ss_078,none,1.0000002475862857e-05,upw_ss,1080
ss_079,none,9.999999747378752e-06,upw_ss,1090
ss_080,none,9.99999883788405e-06,upw_ss,1101
ss_081,none,9.999999747378752e-06,upw_ss,1110
ss_082,none,1.0000000656873453e-05,upw_ss,1121
ss_083,none,9.999999747378752e-06,upw_ss,1131
ss_084,none,1.0000001566368155e-05,upw_ss,1140
ss_085,none,1.0000000656873453e-05,upw_ss,1150
ss_086,none,9.999999747378752e-06,upw_ss,1160
ss_087,none,1.0000000656873453e-05,upw_ss,1171
ss_088,none,1.0000001566368155e-05,upw_ss,1181
ss_089,none,9.999997928389348e-06,upw_ss,1190
ss_090,none,1.0000000656873453e-05,upw_ss,1191
ss_091,none,9.999999747378752e-06,upw_ss,1211
ss_092,none,1.0000000656873453e-05,upw_ss,1220
ss_093,none,1.0000000656873453e-05,upw_ss,1260
ss_094,none,1.0000000656873453e-05,upw_ss,1290
ss_095,none,1.0000000656873453e-05,upw_ss,1320
ss_096,none,9.999999747378752e-06,upw_ss,1350
ss_097,none,1.0000001566368155e-05,upw_ss,1360
ss_098,none,1.0000000656873453e-05,upw_ss,1370
ss_099,none,1.0000000656873453e-05,upw_ss,1380
ss_100,none,1.0000000656873453e-05,upw_ss,1410
ss_101,none,1.0000001566368155e-05,upw_ss,1420
ss_102,none,1.0000000656873453e-05,upw_ss,1430
ss_103,none,9.999999747378752e-06,upw_ss,1440
ss_104,none,1.0000000656873453e-05,upw_ss,1450
ss_105,none,1.0000000656873453e-05,upw_ss,1460
ss_106,none,9.999999747378752e-06,upw_ss,1480
ss_107,none,1.0000001566368155e-05,upw_ss,1490
ss_108,none,1.0000001566368155e-05,upw_ss,2112
ss_109,none,9.999999747378752e-06,upw_ss,2113
ss_110,none,1.0000000656873453e-05,upw_ss,2122
ss_111,none,9.999999747378752e-06,upw_ss,2123
ss_112,none,1.0000000656873453e-05,upw_ss,2182
ss_113,none,1.0000001566368155e-05,upw_ss,2183
ss_114,none,1.0000000656873453e-05,upw_ss,3102
ss_115,none,9.999997928389348e-06,upw_ss,3103
ss_116,none,1.0000001566368155e-05,upw_ss,3104
ss_117,none,1.0000001566368155e-05,upw_ss,3112
ss_118,none,1.0000001566368155e-05,upw_ss,3114
ss_119,none,9.99999883788405e-06,upw_ss,3122
ss_120,none,1.0000001566368155e-05,upw_ss,3123
ss_121,none,9.99999883788405e-06,upw_ss,3124
ss_122,none,1.0000000656873453e-05,upw_ss,3142
ss_123,none,1.0000000656873453e-05,upw_ss,3152
ss_124,none,9.99999883788405e-06,upw_ss,3154
ss_125,none,1.0000000656873453e-05,upw_ss,3162
ss_126,none,1.0000000656873453e-05,upw_ss,3163
ss_127,none,1.0000000656873453e-05,upw_ss,3164
ss_128,none,1.0000000656873453e-05,upw_ss,3172
ss_129,none,9.999999747378752e-06,upw_ss,3173
ss_130,none,9.999999747378752e-06,upw_ss,3174
ss_131,none,1.0000001566368155e-05,upw_ss,4125
ss_132,none,9.999999747378752e-06,upw_ss,4135
ss_133,none,1.0000000656873453e-05,upw_ss,4175
ss_134,none,9.99999883788405e-06,upw_ss,4185
ss_135,none,1.0000000656873453e-05,upw_ss,4195
ss_136,none,9.999999747378752e-06,upw_ss,4215
ss_137,none,9.999999747378752e-06,upw_ss,5106
ss_138,none,1.0000000656873453e-05,upw_ss,5108
ss_139,none,1.0000000656873453e-05,upw_ss,5115
ss_140,none,1.0000000656873453e-05,upw_ss,5118
ss_141,none,9.999999747378752e-06,upw_ss,5128
ss_142,none,9.999999747378752e-06,upw_ss,5145
ss_143,none,1.0000000656873453e-05,upw_ss,5146
ss_144,none,1.0000000656873453e-05,upw_ss,5147
ss_145,none,9.999999747378752e-06,upw_ss,5148
ss_146,none,9.999997928389348e-06,upw_ss,5158
ss_147,none,1.0000000656873453e-05,upw_ss,5168
ss_148,none,1.0000000656873453e-05,upw_ss,5178
ss_149,none,9.999999747378752e-06,upw_ss,5185
ss_150,none,9.999999747378752e-06,upw_ss,5188
ss_151,none,9.999999747378752e-06,upw_ss,5198
ss_152,none,1.0000000656873453e-05,upw_ss,5208
ss_153,none,1.0000001566368155e-05,upw_ss,5218
ss_154,none,1.0000000656873453e-05,upw_ss,5228
ss_155,none,1.0000000656873453e-05,upw_ss,7105
ss_156,none,1.0000001566368155e-05,upw_ss,7106
ss_157,none,1.0000001566368155e-05,upw_ss,7107
ss_158,none,1.0000000656873453e-05,upw_ss,7115
ss_159,none,1.0000001566368155e-05,upw_ss,7125
ss_160,none,9.99999883788405e-06,upw_ss,7126
ss_161,none,1.0000000656873453e-05,upw_ss,7127
ss_162,none,1.0000000656873453e-05,upw_ss,7146
ss_163,none,1.0000001566368155e-05,upw_ss,7155
ss_164,none,1.0000000656873453e-05,upw_ss,7156
ss_165,none,1.0000000656873453e-05,upw_ss,7157
ss_166,none,1.0000000656873453e-05,upw_ss,7165
ss_167,none,1.0000000656873453e-05,upw_ss,7166
ss_168,none,9.999999747378752e-06,upw_ss,7167
ss_169,none,9.999999747378752e-06,upw_ss,7175
ss_170,none,1.0000000656873453e-05,upw_ss,7176
ss_171,none,9.999999747378752e-06,upw_ss,7177
ss_172,none,1.0000001566368155e-05,upw_ss,8115
ss_173,none,1.0000000656873453e-05,upw_ss,8116
ss_174,none,9.99999883788405e-06,upw_ss,8118
ss_175,none,9.999999747378752e-06,upw_ss,8125
ss_176,none,1.0000001566368155e-05,upw_ss,8126
ss_177,none,9.99999883788405e-06,upw_ss,8127
ss_178,none,9.999999747378752e-06,upw_ss,9175
ss_179,none,9.999999747378752e-06,upw_ss,9177
ss_180,none,1.0000000656873453e-05,upw_ss,9185
ss_181,none,1.0000001566368155e-05,upw_ss,9187
ss_182,none,9.999999747378752e-06,upw_ss,9188
ss_183,none,9.999999747378752e-06,upw_ss,9217
ss_184,none,1.0000000656873453e-05,upw_ss,10100
ss_185,none,1.0000001566368155e-05,upw_ss,10110
ss_186,none,1.0000000656873453e-05,upw_ss,10120
ss_187,none,1.0000001566368155e-05,upw_ss,10140
ss_188,none,1.0000001566368155e-05,upw_ss,10160
ss_189,none,9.999999747378752e-06,upw_ss,10170
ss_190,none,9.999999747378752e-06,upw_ss,10180
ss_191,none,1.0000000656873453e-05,upw_ss,10190
ss_192,none,9.999999747378752e-06,upw_ss,10200
ss_193,none,9.999999747378752e-06,upw_ss,10210
ss_194,none,1.0000001566368155e-05,upw_ss,10220
ss_195,none,1.0000001566368155e-05,upw_ss,11140
ss_196,none,1.0000000656873453e-05,upw_ss,11160
ss_197,none,9.999999747378752e-06,upw_ss,11180
ss_198,none,9.999999747378752e-06,upw_ss,11190
ss_199,none,1.0000001566368155e-05,upw_ss,11200
ss_200,none,1.0000000656873453e-05,upw_ss,11210
ss_201,none,1.0000000656873453e-05,upw_ss,11220
ss_202,none,9.99999883788405e-06,upw_ss,12100
ss_203,none,1.0000001566368155e-05,upw_ss,12120
ss_204,none,9.999997928389348e-06,upw_ss,12130
ss_205,none,1.0000000656873453e-05,upw_ss,12140
ss_206,none,9.99999883788405e-06,upw_ss,12150
ss_207,none,1.0000000656873453e-05,upw_ss,12160
ss_208,none,9.999997928389348e-06,upw_ss,12170
ss_209,none,9.999997928389348e-06,upw_ss,12180
ss_210,none,9.99999883788405e-06,upw_ss,12200
ss_211,none,1.0000000656873453e-05,upw_ss,12210
ss_212,none,1.0000000656873453e-05,upw_ss,12220
ss_213,none,1.0000001566368155e-05,upw_ss,13100
ss_214,none,1.0000001566368155e-05,upw_ss,13110
ss_215,none,9.999999747378752e-06,upw_ss,13120
ss_216,none,1.0000001566368155e-05,upw_ss,13140
ss_217,none,1.0000001566368155e-05,upw_ss,13150
ss_218,none,1.0000001566368155e-05,upw_ss,13160
ss_219,none,9.99999883788405e-06,upw_ss,13180
ss_220,none,1.0000000656873453e-05,upw_ss,13200
ss_221,none,1.0000000656873453e-05,upw_ss,13210
ss_222,none,1.0000000656873453e-05,upw_ss,13220
ss_223,none,1.0000000656873453e-05,upw_ss,14100
ss_224,none,9.999999747378752e-06,upw_ss,14110
ss_225,none,1.0000000656873453e-05,upw_ss,14120
ss_226,none,9.999999747378752e-06,upw_ss,14130
ss_227,none,9.999999747378752e-06,upw_ss,14140
ss_228,none,9.99999883788405e-06,upw_ss,14150
ss_229,none,1.0000000656873453e-05,upw_ss,14160
ss_230,none,1.0000000656873453e-05,upw_ss,14170
ss_231,none,1.0000000656873453e-05,upw_ss,14180
ss_232,none,1.0000000656873453e-05,upw_ss,14190
ss_233,none,1.0000000656873453e-05,upw_ss,14210
ss_371,none,1.0000000656873453e-05,upw_ss,1010
ss_372,none,1.0000000656873453e-05,upw_ss,1020
ss_373,none,9.999999747378752e-06,upw_ss,1030
ss_374,none,1.0000000656873453e-05,upw_ss,1040
ss_375,none,1.0000000656873453e-05,upw_ss,1050
ss_376,none,1.0000000656873453e-05,upw_ss,1060
ss_377,none,9.999999747378752e-06,upw_ss,1070
ss_378,none,1.0000002475862857e-05,upw_ss,1080
ss_379,none,9.999999747378752e-06,upw_ss,1090
ss_381,none,1.0000000656873453e-05,upw_ss,1110
ss_384,none,1.0000001566368155e-05,upw_ss,1140
ss_385,none,9.999999747378752e-06,upw_ss,1150
ss_386,none,9.999999747378752e-06,upw_ss,1160
ss_389,none,9.999997928389348e-06,upw_ss,1190
ss_392,none,1.0000001566368155e-05,upw_ss,1220
ss_393,none,9.999999747378752e-06,upw_ss,1260
ss_394,none,1.0000000656873453e-05,upw_ss,1290
ss_395,none,1.0000000656873453e-05,upw_ss,1320
ss_396,none,9.999999747378752e-06,upw_ss,1350
ss_397,none,1.0000000656873453e-05,upw_ss,1360
ss_398,none,1.0000000656873453e-05,upw_ss,1370
ss_399,none,1.0000000656873453e-05,upw_ss,1380
ss_400,none,9.999997928389348e-06,upw_ss,1410
ss_401,none,1.0000000656873453e-05,upw_ss,1420
ss_402,none,9.999999747378752e-06,upw_ss,1430
ss_403,none,9.99999883788405e-06,upw_ss,1440
ss_404,none,9.99999883788405e-06,upw_ss,1450
ss_405,none,9.999999747378752e-06,upw_ss,1460
ss_406,none,9.999999747378752e-06,upw_ss,1480
ss_407,none,9.999999747378752e-06,upw_ss,1490
ss_484,none,9.999999747378752e-06,upw_ss,10100
ss_485,none,9.999999747378752e-06,upw_ss,10110
ss_486,none,1.0000000656873453e-05,upw_ss,10120
ss_487,none,1.0000001566368155e-05,upw_ss,10140
ss_488,none,1.0000000656873453e-05,upw_ss,10160
ss_489,none,9.999999747378752e-06,upw_ss,10170
ss_490,none,1.0000000656873453e-05,upw_ss,10180
ss_491,none,1.0000000656873453e-05,upw_ss,10190
ss_492,none,9.999999747378752e-06,upw_ss,10200
ss_493,none,9.999999747378752e-06,upw_ss,10210
ss_494,none,1.0000001566368155e-05,upw_ss,10220
ss_495,none,1.0000001566368155e-05,upw_ss,11140
ss_496,none,1.0000000656873453e-05,upw_ss,11160
ss_497,none,1.0000000656873453e-05,upw_ss,11180
ss_498,none,1.0000000656873453e-05,upw_ss,11190
ss_499,none,1.0000001566368155e-05,upw_ss,11200
ss_500,none,1.0000001566368155e-05,upw_ss,11210
ss_501,none,1.0000000656873453e-05,upw_ss,11220
ss_502,none,9.99999883788405e-06,upw_ss,12100
ss_503,none,1.0000001566368155e-05,upw_ss,12120
ss_504,none,9.999997928389348e-06,upw_ss,12130
ss_505,none,1.0000001566368155e-05,upw_ss,12140
ss_506,none,9.999999747378752e-06,upw_ss,12150
ss_507,none,1.0000001566368155e-05,upw_ss,12160
ss_508,none,9.99999883788405e-06,upw_ss,12170
ss_509,none,9.999997928389348e-06,upw_ss,12180
ss_510,none,9.99999883788405e-06,upw_ss,12200
ss_511,none,1.0000001566368155e-05,upw_ss,12210
ss_512,none,1.0000000656873453e-05,upw_ss,12220
ss_513,none,1.0000001566368155e-05,upw_ss,13100
ss_514,none,1.0000001566368155e-05,upw_ss,13110
ss_515,none,1.0000001566368155e-05,upw_ss,13120
ss_516,none,1.0000000656873453e-05,upw_ss,13140
ss_517,none,9.99999883788405e-06,upw_ss,13150
ss_518,none,1.0000001566368155e-05,upw_ss,13160
ss_519,none,9.99999883788405e-06,upw_ss,13180
ss_520,none,1.0000000656873453e-05,upw_ss,13200
ss_521,none,1.0000000656873453e-05,upw_ss,13210
ss_522,none,1.0000000656873453e-05,upw_ss,13220
ss_523,none,1.0000001566368155e-05,upw_ss,14100
ss_524,none,9.999999747378752e-06,upw_ss,14110
ss_525,none,9.99999883788405e-06,upw_ss,14120
ss_530,none,9.999999747378752e-06,upw_ss,14170
ss_531,none,9.99999883788405e-06,upw_ss,14180
ss_533,none,1.0000000656873453e-05,upw_ss,14210
ssr2gw_rate_mult,none,0.13044786952215956,prms_ssr2gw_rate,#
surfdep,none,1.0,uzf_surfdep,#
surfk_mult,none,0.0005859995726495981,uzf_surfk,#
sy_001,none,0.20000004768371582,upw_sy,111
sy_002,none,0.20000003278255463,upw_sy,121
sy_003,none,0.20000004768371582,upw_sy,131
sy_004,none,0.20000006258487701,upw_sy,141
sy_005,none,0.2000000774860382,upw_sy,151
sy_006,none,0.20000003278255463,upw_sy,161
sy_007,none,0.029999997466802597,upw_sy,170
sy_008,none,0.029999999329447746,upw_sy,180
sy_009,none,0.20000001788139343,upw_sy,191
sy_010,none,0.20000001788139343,upw_sy,212
sy_011,none,0.20000004768371582,upw_sy,213
sy_012,none,0.20000001788139343,upw_sy,243
sy_013,none,0.2000000774860382,upw_sy,312
sy_014,none,0.20000000298023224,upw_sy,313
sy_015,none,0.20000003278255463,upw_sy,314
sy_016,none,0.20000004768371582,upw_sy,322
sy_017,none,0.20000000298023224,upw_sy,324
sy_018,none,0.20000000298023224,upw_sy,332
sy_019,none,0.20000001788139343,upw_sy,333
sy_020,none,0.20000006258487701,upw_sy,342
sy_021,none,0.2000000774860382,upw_sy,343
sy_022,none,0.20000004768371582,upw_sy,344
sy_023,none,0.20000001788139343,upw_sy,352
sy_024,none,0.20000004768371582,upw_sy,353
sy_025,none,0.20000003278255463,upw_sy,354
sy_026,none,0.20000000298023224,upw_sy,362
sy_027,none,0.19999998807907104,upw_sy,364
sy_028,none,0.20000006258487701,upw_sy,392
sy_029,none,0.20000001788139343,upw_sy,394
sy_030,none,0.029999997466802597,upw_sy,415
sy_031,none,0.20000000298023224,upw_sy,418
sy_032,none,0.029999995604157448,upw_sy,425
sy_033,none,0.032181814312934875,upw_sy,435
sy_034,none,0.1478181779384613,upw_sy,437
sy_035,none,0.029999997466802597,upw_sy,465
sy_036,none,0.029999995604157448,upw_sy,495
sy_037,none,0.029999999329447746,upw_sy,515
sy_038,none,0.20000004768371582,upw_sy,518
sy_039,none,0.029999999329447746,upw_sy,525
sy_040,none,0.20000001788139343,upw_sy,528
sy_041,none,0.15000000596046448,upw_sy,537
sy_042,none,0.19999998807907104,upw_sy,538
sy_043,none,0.19972224533557892,upw_sy,548
sy_044,none,0.20000001788139343,upw_sy,558
sy_045,none,0.03461538255214691,upw_sy,565
sy_046,none,0.20000001788139343,upw_sy,568
sy_047,none,0.20000006258487701,upw_sy,578
sy_048,none,0.19910764694213867,upw_sy,588
sy_049,none,0.029999999329447746,upw_sy,595
sy_050,none,0.20000001788139343,upw_sy,598
sy_051,none,0.029999997466802597,upw_sy,615
sy_052,none,0.14999999105930328,upw_sy,617
sy_053,none,0.20000001788139343,upw_sy,618
sy_054,none,0.03258064389228821,upw_sy,625
sy_055,none,0.14992906153202057,upw_sy,627
sy_056,none,0.20000000298023224,upw_sy,628
sy_057,none,0.14999999105930328,upw_sy,637
sy_058,none,0.0376119390130043,upw_sy,645
sy_059,none,0.15000000596046448,upw_sy,647
sy_060,none,0.19583334028720856,upw_sy,648
sy_061,none,0.03467889502644539,upw_sy,655
sy_062,none,0.14999999105930328,upw_sy,657
sy_063,none,0.20000000298023224,upw_sy,658
sy_064,none,0.029999997466802597,upw_sy,665
sy_065,none,0.15000002086162567,upw_sy,667
sy_066,none,0.20000000298023224,upw_sy,668
sy_067,none,0.03681818023324013,upw_sy,795
sy_068,none,0.0708695575594902,upw_sy,796
sy_069,none,0.14858821034431458,upw_sy,797
sy_070,none,0.20000000298023224,upw_sy,798
sy_071,none,0.029999999329447746,upw_sy,1010
sy_072,none,0.029999999329447746,upw_sy,1020
sy_073,none,0.029999997466802597,upw_sy,1030
sy_074,none,0.029999997466802597,upw_sy,1040
sy_075,none,0.030000001192092896,upw_sy,1050
sy_076,none,0.029999999329447746,upw_sy,1060
sy_077,none,0.029999995604157448,upw_sy,1070
sy_078,none,0.030000001192092896,upw_sy,1080
sy_079,none,0.029999999329447746,upw_sy,1090
sy_080,none,0.20000006258487701,upw_sy,1101
sy_081,none,0.029999997466802597,upw_sy,1110
sy_082,none,0.20000004768371582,upw_sy,1121
sy_083,none,0.19999998807907104,upw_sy,1131
sy_084,none,0.029999999329447746,upw_sy,1140
sy_085,none,0.029999999329447746,upw_sy,1150
sy_086,none,0.029999999329447746,upw_sy,1160
sy_087,none,0.20000001788139343,upw_sy,1171
sy_088,none,0.20000006258487701,upw_sy,1181
sy_089,none,0.029999997466802597,upw_sy,1190
sy_090,none,0.20000003278255463,upw_sy,1191
sy_091,none,0.20000001788139343,upw_sy,1211
sy_092,none,0.029999999329447746,upw_sy,1220
sy_093,none,0.029999999329447746,upw_sy,1260
sy_094,none,0.029999999329447746,upw_sy,1290
sy_095,none,0.029999997466802597,upw_sy,1320
sy_096,none,0.029999997466802597,upw_sy,1350
sy_097,none,0.029999999329447746,upw_sy,1360
sy_098,none,0.029999999329447746,upw_sy,1370
sy_099,none,0.029999997466802597,upw_sy,1380
sy_100,none,0.029999997466802597,upw_sy,1410
sy_101,none,0.029999999329447746,upw_sy,1420
sy_102,none,0.029999999329447746,upw_sy,1430
sy_103,none,0.029999997466802597,upw_sy,1440
sy_104,none,0.029999999329447746,upw_sy,1450
sy_105,none,0.029999999329447746,upw_sy,1460
sy_106,none,0.029999999329447746,upw_sy,1480
sy_107,none,0.029999999329447746,upw_sy,1490
sy_108,none,0.19999998807907104,upw_sy,2112
sy_109,none,0.20000001788139343,upw_sy,2113
sy_110,none,0.20000001788139343,upw_sy,2122
sy_111,none,0.20000001788139343,upw_sy,2123
sy_112,none,0.20000001788139343,upw_sy,2182
sy_113,none,0.20000001788139343,upw_sy,2183
sy_114,none,0.20000004768371582,upw_sy,3102
sy_115,none,0.19999997317790985,upw_sy,3103
sy_116,none,0.20000004768371582,upw_sy,3104
sy_117,none,0.2000000774860382,upw_sy,3112
sy_118,none,0.19999998807907104,upw_sy,3114
sy_119,none,0.19999998807907104,upw_sy,3122
sy_120,none,0.20000001788139343,upw_sy,3123
sy_121,none,0.19999998807907104,upw_sy,3124
sy_122,none,0.20000000298023224,upw_sy,3142
sy_123,none,0.20000001788139343,upw_sy,3152
sy_124,none,0.19999998807907104,upw_sy,3154
sy_125,none,0.20000001788139343,upw_sy,3162
sy_126,none,0.19999998807907104,upw_sy,3163
sy_127,none,0.20000000298023224,upw_sy,3164
sy_128,none,0.20000000298023224,upw_sy,3172
sy_129,none,0.20000000298023224,upw_sy,3173
sy_130,none,0.20000004768371582,upw_sy,3174
sy_131,none,0.029999995604157448,upw_sy,4125
sy_132,none,0.029999997466802597,upw_sy,4135
sy_133,none,0.029999997466802597,upw_sy,4175
sy_134,none,0.05999999865889549,upw_sy,4185
sy_135,none,0.029999997466802597,upw_sy,4195
sy_136,none,0.029999999329447746,upw_sy,4215
sy_137,none,0.07000000029802322,upw_sy,5106
sy_138,none,0.1997023969888687,upw_sy,5108
sy_139,none,0.029999999329447746,upw_sy,5115
sy_140,none,0.1575000137090683,upw_sy,5118
sy_141,none,0.029999999329447746,upw_sy,5128
sy_142,none,0.029999999329447746,upw_sy,5145
sy_143,none,0.07000000029802322,upw_sy,5146
sy_144,none,0.14999999105930328,upw_sy,5147
sy_145,none,0.20000001788139343,upw_sy,5148
sy_146,none,0.19999997317790985,upw_sy,5158
sy_147,none,0.20000003278255463,upw_sy,5168
sy_148,none,0.19999998807907104,upw_sy,5178
sy_149,none,0.029999997466802597,upw_sy,5185
sy_150,none,0.19923077523708344,upw_sy,5188
sy_151,none,0.20000006258487701,upw_sy,5198
sy_152,none,0.20000003278255463,upw_sy,5208
sy_153,none,0.20000003278255463,upw_sy,5218
sy_154,none,0.1999707669019699,upw_sy,5228
sy_155,none,0.029999995604157448,upw_sy,7105
sy_156,none,0.07533332705497742,upw_sy,7106
sy_157,none,0.1495571881532669,upw_sy,7107
sy_158,none,0.08454544842243195,upw_sy,7115
sy_159,none,0.03692307695746422,upw_sy,7125
sy_160,none,0.07888888567686081,upw_sy,7126
sy_161,none,0.14892134070396423,upw_sy,7127
sy_162,none,0.08666667342185974,upw_sy,7146
sy_163,none,0.04066665843129158,upw_sy,7155
sy_164,none,0.07400001585483551,upw_sy,7156
sy_165,none,0.14999999105930328,upw_sy,7157
sy_166,none,0.03181818127632141,upw_sy,7165
sy_167,none,0.06800000369548798,upw_sy,7166
sy_168,none,0.14843900501728058,upw_sy,7167
sy_169,none,0.029999999329447746,upw_sy,7175
sy_170,none,0.07000000029802322,upw_sy,7176
sy_171,none,0.1499999612569809,upw_sy,7177
sy_172,none,0.03226414695382118,upw_sy,8115
sy_173,none,0.07138407975435257,upw_sy,8116
sy_174,none,0.20000001788139343,upw_sy,8118
sy_175,none,0.04500000178813934,upw_sy,8125
sy_176,none,0.07000000029802322,upw_sy,8126
sy_177,none,0.15000002086162567,upw_sy,8127
sy_178,none,0.029999997466802597,upw_sy,9175
sy_179,none,0.14815382659435272,upw_sy,9177
sy_180,none,0.059999994933605194,upw_sy,9185
sy_181,none,0.059999994933605194,upw_sy,9187
sy_182,none,0.20000000298023224,upw_sy,9188
sy_183,none,0.15000000596046448,upw_sy,9217
sy_184,none,0.030000001192092896,upw_sy,10100
sy_185,none,0.029999997466802597,upw_sy,10110
sy_186,none,0.029999995604157448,upw_sy,10120
sy_187,none,0.029999997466802597,upw_sy,10140
sy_188,none,0.029999997466802597,upw_sy,10160
sy_189,none,0.029999997466802597,upw_sy,10170
sy_190,none,0.029999997466802597,upw_sy,10180
sy_191,none,0.029999997466802597,upw_sy,10190
sy_192,none,0.029999999329447746,upw_sy,10200
sy_193,none,0.029999997466802597,upw_sy,10210
sy_194,none,0.029999999329447746,upw_sy,10220
sy_195,none,0.029999997466802597,upw_sy,11140
sy_196,none,0.029999997466802597,upw_sy,11160
sy_197,none,0.029999999329447746,upw_sy,11180
sy_198,none,0.029999999329447746,upw_sy,11190
sy_199,none,0.029999997466802597,upw_sy,11200
sy_200,none,0.029999997466802597,upw_sy,11210
sy_201,none,0.029999997466802597,upw_sy,11220
sy_202,none,0.029999997466802597,upw_sy,12100
sy_203,none,0.029999995604157448,upw_sy,12120
sy_204,none,0.0299999937415123,upw_sy,12130
sy_205,none,0.029999995604157448,upw_sy,12140
sy_206,none,0.029999997466802597,upw_sy,12150
sy_207,none,0.029999999329447746,upw_sy,12160
sy_208,none,0.029999995604157448,upw_sy,12170
sy_209,none,0.0299999937415123,upw_sy,12180
sy_210,none,0.029999995604157448,upw_sy,12200
sy_211,none,0.029999997466802597,upw_sy,12210
sy_212,none,0.029999997466802597,upw_sy,12220
sy_213,none,0.029999997466802597,upw_sy,13100
sy_214,none,0.029999997466802597,upw_sy,13110
sy_215,none,0.029999999329447746,upw_sy,13120
sy_216,none,0.029999995604157448,upw_sy,13140
sy_217,none,0.029999999329447746,upw_sy,13150
sy_218,none,0.029999997466802597,upw_sy,13160
sy_219,none,0.029999997466802597,upw_sy,13180
sy_220,none,0.029999997466802597,upw_sy,13200
sy_221,none,0.029999999329447746,upw_sy,13210
sy_222,none,0.029999997466802597,upw_sy,13220
sy_223,none,0.029999999329447746,upw_sy,14100
sy_224,none,0.029999999329447746,upw_sy,14110
sy_225,none,0.030000001192092896,upw_sy,14120
sy_226,none,0.029999997466802597,upw_sy,14130
sy_227,none,0.029999997466802597,upw_sy,14140
sy_228,none,0.029999997466802597,upw_sy,14150
sy_229,none,0.029999999329447746,upw_sy,14160
sy_230,none,0.029999999329447746,upw_sy,14170
sy_231,none,0.029999997466802597,upw_sy,14180
sy_232,none,0.029999997466802597,upw_sy,14190
sy_233,none,0.029999999329447746,upw_sy,14210
sy_371,none,0.029999999329447746,upw_sy,1010
sy_372,none,0.030000001192092896,upw_sy,1020
sy_373,none,0.029999997466802597,upw_sy,1030
sy_374,none,0.029999997466802597,upw_sy,1040
sy_375,none,0.029999995604157448,upw_sy,1050
sy_376,none,0.029999997466802597,upw_sy,1060
sy_377,none,0.029999995604157448,upw_sy,1070
sy_378,none,0.030000001192092896,upw_sy,1080
sy_379,none,0.030000003054738045,upw_sy,1090
sy_381,none,0.029999997466802597,upw_sy,1110
sy_384,none,0.029999999329447746,upw_sy,1140
sy_385,none,0.030000001192092896,upw_sy,1150
sy_386,none,0.029999999329447746,upw_sy,1160
sy_389,none,0.029999997466802597,upw_sy,1190
sy_392,none,0.029999997466802597,upw_sy,1220
sy_393,none,0.029999997466802597,upw_sy,1260
sy_394,none,0.029999999329447746,upw_sy,1290
sy_395,none,0.029999997466802597,upw_sy,1320
sy_396,none,0.029999997466802597,upw_sy,1350
sy_397,none,0.029999999329447746,upw_sy,1360
sy_398,none,0.029999999329447746,upw_sy,1370
sy_399,none,0.029999997466802597,upw_sy,1380
sy_400,none,0.0299999937415123,upw_sy,1410
sy_401,none,0.029999999329447746,upw_sy,1420
sy_402,none,0.029999999329447746,upw_sy,1430
sy_403,none,0.029999999329447746,upw_sy,1440
sy_404,none,0.029999999329447746,upw_sy,1450
sy_405,none,0.029999999329447746,upw_sy,1460
sy_406,none,0.029999999329447746,upw_sy,1480
sy_407,none,0.029999999329447746,upw_sy,1490
sy_484,none,0.029999997466802597,upw_sy,10100
sy_485,none,0.029999999329447746,upw_sy,10110
sy_486,none,0.029999999329447746,upw_sy,10120
sy_487,none,0.029999997466802597,upw_sy,10140
sy_488,none,0.029999999329447746,upw_sy,10160
sy_489,none,0.029999997466802597,upw_sy,10170
sy_490,none,0.059999991208314896,upw_sy,10180
sy_491,none,0.059999994933605194,upw_sy,10190
sy_492,none,0.029999999329447746,upw_sy,10200
sy_493,none,0.029999999329447746,upw_sy,10210
sy_494,none,0.029999999329447746,upw_sy,10220
sy_495,none,0.029999997466802597,upw_sy,11140
sy_496,none,0.029999997466802597,upw_sy,11160
sy_497,none,0.029999999329447746,upw_sy,11180
sy_498,none,0.029999999329447746,upw_sy,11190
sy_499,none,0.029999997466802597,upw_sy,11200
sy_500,none,0.029999999329447746,upw_sy,11210
sy_501,none,0.029999997466802597,upw_sy,11220
sy_502,none,0.029999997466802597,upw_sy,12100
sy_503,none,0.029999997466802597,upw_sy,12120
sy_504,none,0.0299999937415123,upw_sy,12130
sy_505,none,0.029999995604157448,upw_sy,12140
sy_506,none,0.029999997466802597,upw_sy,12150
sy_507,none,0.029999995604157448,upw_sy,12160
sy_508,none,0.029999997466802597,upw_sy,12170
sy_509,none,0.0599999874830246,upw_sy,12180
sy_510,none,0.029999995604157448,upw_sy,12200
sy_511,none,0.029999997466802597,upw_sy,12210
sy_512,none,0.029999997466802597,upw_sy,12220
sy_513,none,0.029999997466802597,upw_sy,13100
sy_514,none,0.029999997466802597,upw_sy,13110
sy_515,none,0.029999997466802597,upw_sy,13120
sy_516,none,0.029999997466802597,upw_sy,13140
sy_517,none,0.029999997466802597,upw_sy,13150
sy_518,none,0.029999995604157448,upw_sy,13160
sy_519,none,0.029999997466802597,upw_sy,13180
sy_520,none,0.029999997466802597,upw_sy,13200
sy_521,none,0.029999999329447746,upw_sy,13210
sy_522,none,0.029999997466802597,upw_sy,13220
sy_523,none,0.029999999329447746,upw_sy,14100
sy_524,none,0.029999999329447746,upw_sy,14110
sy_525,none,0.029999999329447746,upw_sy,14120
sy_530,none,0.029999999329447746,upw_sy,14170
sy_531,none,0.029999999329447746,upw_sy,14180
sy_533,none,0.029999997466802597,upw_sy,14210
vka_ratio_1,none,0.25,upw_vka,14210
vka_ratio_2,none,0.25,upw_vka,14210
vka_ratio_3,none,0.25,upw_vka,14210
vks_1_01,none,0.4198843538761139,uzf_vks,#
vks_1_02,none,1.1466217041015625,uzf_vks,#
vks_1_03,none,0.2508242428302765,uzf_vks,#
vks_1_04,none,0.5694926977157593,uzf_vks,#
vks_1_05,none,3.343280076980591,uzf_vks,#
vks_1_06,none,7.206691741943359,uzf_vks,#
vks_1_08,none,0.23999999463558197,uzf_vks,#
vks_1_09,none,1.8855763673782349,uzf_vks,#
vks_1_10,none,1.3863636255264282,uzf_vks,#
vks_1_11,none,0.23999999463558197,uzf_vks,#
vks_1_12,none,1.814347743988037,uzf_vks,#
vks_1_13,none,0.23999997973442078,uzf_vks,#
vks_1_14,none,1.4063596725463867,uzf_vks,#
vks_1_15,none,0.23999997973442078,uzf_vks,#
vks_1_16,none,0.7913221120834351,uzf_vks,#
vks_1_17,none,1.7442728281021118,uzf_vks,#
vks_1_18,none,4.269672870635986,uzf_vks,#
vks_1_19,none,0.23999999463558197,uzf_vks,#
vks_1_21,none,0.23999997973442078,uzf_vks,#
vks_2_01,none,0.39753299951553345,uzf_vks,#
vks_2_02,none,0.259305477142334,uzf_vks,#
vks_2_03,none,0.18108242750167847,uzf_vks,#
vks_2_04,none,0.3068571388721466,uzf_vks,#
vks_2_05,none,0.34343281388282776,uzf_vks,#
vks_2_06,none,0.3400464653968811,uzf_vks,#
vks_2_07,none,0.23999997973442078,uzf_vks,#
vks_2_08,none,0.23999999463558197,uzf_vks,#
vks_2_09,none,0.23999997973442078,uzf_vks,#
vks_2_10,none,0.3034360706806183,uzf_vks,#
vks_2_11,none,0.35733330249786377,uzf_vks,#
vks_2_12,none,6.072504997253418,uzf_vks,#
vks_2_14,none,0.2506493031978607,uzf_vks,#
vks_2_15,none,0.3344261944293976,uzf_vks,#
vks_2_16,none,0.3214973211288452,uzf_vks,#
vks_2_17,none,0.4010958671569824,uzf_vks,#
vks_2_18,none,1.1149998903274536,uzf_vks,#
vks_2_19,none,0.335049569606781,uzf_vks,#
vks_2_20,none,0.23999999463558197,uzf_vks,#
vks_2_21,none,0.5570093393325806,uzf_vks,#
vks_2_22,none,0.2245885133743286,uzf_vks,#
vks_3_01,none,0.47999995946884155,uzf_vks,#
vks_3_02,none,0.48000001907348633,uzf_vks,#
vks_3_03,none,0.47999992966651917,uzf_vks,#
vks_3_04,none,0.47999998927116394,uzf_vks,#
vks_3_05,none,0.47999998927116394,uzf_vks,#
vks_3_06,none,0.7612138986587524,uzf_vks,#
vks_3_07,none,0.47999998927116394,uzf_vks,#
vks_3_08,none,0.47999995946884155,uzf_vks,#
vks_3_09,none,0.47999998927116394,uzf_vks,#
vks_3_10,none,0.47999998927116394,uzf_vks,#
vks_3_11,none,0.47999995946884155,uzf_vks,#
vks_3_12,none,0.47999998927116394,uzf_vks,#
vks_3_13,none,0.4799998998641968,uzf_vks,#
vks_3_14,none,0.47999995946884155,uzf_vks,#
vks_3_15,none,0.47999995946884155,uzf_vks,#
vks_3_16,none,0.4792332351207733,uzf_vks,#
vks_3_17,none,0.47999998927116394,uzf_vks,#
vks_3_18,none,0.8749999403953552,uzf_vks,#
vks_3_19,none,0.6894544959068298,uzf_vks,#
vks_3_20,none,0.47999995946884155,uzf_vks,#
vks_3_21,none,0.47999995946884155,uzf_vks,#
vks_3_22,none,0.47800910472869873,uzf_vks,#
